ID	掲載号	掲載順	タイトル	作者	原作	ページ	種別	カラー	摘要
WSJP202301	2023年 No.01	1	人造人間100	江ノ島だいすけ		9	連載		新連載
WSJP202301	2023年 No.01	2	僕とロボコ	宮崎周平		89	連載		
WSJP202301	2023年 No.01	3	ONE PIECE	尾田栄一郎		105	連載		
WSJP202301	2023年 No.01	4	SAKAMOTO DAYS	鈴木祐斗		123	連載		
WSJP202301	2023年 No.01	5	呪術廻戦	芥見下々		143	連載		
WSJP202301	2023年 No.01	6	イチゴーキ！操縦中	林聖二		165	連載		
WSJP202301	2023年 No.01	7	アオのハコ	三浦糀		191	連載		
WSJP202301	2023年 No.01	8	一ノ瀬家の大罪	タイザン5		211	連載		
WSJP202301	2023年 No.01	9	マッシュル-MASHLE-	甲本一		247	連載		
WSJP202301	2023年 No.01	10	あかね噺	馬上鷹将	末永裕樹	275	連載		
WSJP202301	2023年 No.01	11	暗号学園のいろは	岩崎優次	西尾維新	295	連載		
WSJP202301	2023年 No.01	12	ブラッククローバー	田畠裕基		319	連載		
WSJP202301	2023年 No.01	13	ウィッチウォッチ	篠原健太		337	連載		
WSJP202301	2023年 No.01	14	ギンカとリューナ	渡辺シンペイ		361	連載		
WSJP202301	2023年 No.01	15	逃げ上手の若君	松井優征		383	連載		
WSJP202301	2023年 No.01	16	夜桜さんちの大作戦	権平ひつじ		403	連載		
WSJP202301	2023年 No.01	17	HUNTER×HUNTER	冨樫義博		423	連載		
WSJP202301	2023年 No.01	18	高校生家族	仲間りょう		443	連載		
WSJP202301	2023年 No.01	19	アンデッドアンラック	戸塚慶文		459	連載		
WSJP202301	2023年 No.01	20	大東京鬼嫁伝	仲間只一		479	連載		
WSJP202301	2023年 No.01	21	PPPPPP	マボロ3号		499	連載		
WSJP202302	2023年 No.02	1	僕とロボコ	宮崎周平		3	連載		
WSJP202302	2023年 No.02	2	ウィッチウォッチ	篠原健太		47	連載		
WSJP202302	2023年 No.02	3	ONE PIECE	尾田栄一郎		67	連載		
WSJP202302	2023年 No.02	4	SAKAMOTO DAYS	鈴木祐斗		85	連載		
WSJP202302	2023年 No.02	5	僕のヒーローアカデミア	堀越耕平		107	連載		
WSJP202302	2023年 No.02	6	人造人間100	江ノ島だいすけ		123	連載		
WSJP202302	2023年 No.02	7	アオのハコ	三浦糀		149	連載		
WSJP202302	2023年 No.02	8	暗号学園のいろは	岩崎優次	西尾維新	169	連載		
WSJP202302	2023年 No.02	9	あかね噺	馬上鷹将	末永裕樹	189	連載		
WSJP202302	2023年 No.02	10	イチゴーキ！操縦中	林聖二		215	連載		
WSJP202302	2023年 No.02	11	逃げ上手の若君	松井優征		239	連載		
WSJP202302	2023年 No.02	12	一ノ瀬家の大罪	タイザン5		259	連載		
WSJP202302	2023年 No.02	13	夜桜さんちの大作戦	権平ひつじ		281	連載		
WSJP202302	2023年 No.02	14	PPPPPP	マボロ3号		311	連載		
WSJP202302	2023年 No.02	15	ギンカとリューナ	渡辺シンペイ		333	連載		
WSJP202302	2023年 No.02	16	HUNTER×HUNTER	冨樫義博		353	連載		
WSJP202302	2023年 No.02	17	アンデッドアンラック	戸塚慶文		373	連載		
WSJP202302	2023年 No.02	18	高校生家族	仲間りょう		393	連載		
WSJP202302	2023年 No.02	19	大東京鬼嫁伝	仲間只一		409	連載		
WSJP202302	2023年 No.02	20	マッシュル-MASHLE-	甲本一		429	連載		
WSJP202302	2023年 No.02	21	ヒトメボレサンダーボルト	里庄真芳		451	読み切り		
WSJP202303	2023年 No.03	1	あかね噺	馬上鷹将	末永裕樹	3	連載		
WSJP202303	2023年 No.03	2	アオのハコ	三浦糀		49	連載		
WSJP202303	2023年 No.03	3	SAKAMOTO DAYS	鈴木祐斗		71	連載		
WSJP202303	2023年 No.03	4	夜桜さんちの大作戦	権平ひつじ		93	連載		
WSJP202303	2023年 No.03	5	一ノ瀬家の大罪	タイザン5		115	連載		
WSJP202303	2023年 No.03	6	僕とロボコ	宮崎周平		135	連載		
WSJP202303	2023年 No.03	7	イチゴーキ！操縦中	林聖二		151	連載		
WSJP202303	2023年 No.03	8	呪術廻戦	芥見下々		171	連載		
WSJP202303	2023年 No.03	9	アンデッドアンラック	戸塚慶文		191	連載		
WSJP202303	2023年 No.03	10	人造人間100	江ノ島だいすけ		213	連載		
WSJP202303	2023年 No.03	11	逃げ上手の若君	松井優征		237	連載		
WSJP202303	2023年 No.03	12	暗号学園のいろは	岩崎優次	西尾維新	273	連載		
WSJP202303	2023年 No.03	13	ウィッチウォッチ	篠原健太		293	連載		
WSJP202303	2023年 No.03	14	高校生家族	仲間りょう		313	連載		
WSJP202303	2023年 No.03	15	HUNTER×HUNTER	冨樫義博		329	連載		
WSJP202303	2023年 No.03	16	PPPPPP	マボロ3号		349	連載		
WSJP202303	2023年 No.03	17	あいつはオカルト	三木有		369	読み切り		
WSJP202303	2023年 No.03	18	ギンカとリューナ	渡辺シンペイ		385	連載		
WSJP202303	2023年 No.03	19	大東京鬼嫁伝	仲間只一		405	連載		
WSJP202303	2023年 No.03	20	マッシュル-MASHLE-	甲本一		425	連載		
WSJP202303	2023年 No.03	21	やったぜ！ポメラニアン	小山ゆうじろう		445	読み切り		
WSJP202304-05	2023年 No.04-05	1	僕のヒーローアカデミア	堀越耕平		9	連載		
WSJP202304-05	2023年 No.04-05	2	僕とロボコ	宮崎周平		51	連載		
WSJP202304-05	2023年 No.04-05	3	ONE PIECE	尾田栄一郎		67	連載		
WSJP202304-05	2023年 No.04-05	4	SAKAMOTO DAYS	鈴木祐斗		85	連載		
WSJP202304-05	2023年 No.04-05	5	呪術廻戦	芥見下々		109	連載		
WSJP202304-05	2023年 No.04-05	6	夜桜さんちの大作戦	権平ひつじ		131	連載		
WSJP202304-05	2023年 No.04-05	7	アオのハコ	三浦糀		155	連載		
WSJP202304-05	2023年 No.04-05	8	暗号学園のいろは	岩崎優次	西尾維新	175	連載		
WSJP202304-05	2023年 No.04-05	9	ブラッククローバー	田畠裕基		195	連載		
WSJP202304-05	2023年 No.04-05	10	イチゴーキ！操縦中	林聖二		213	連載		
WSJP202304-05	2023年 No.04-05	11	ウィッチウォッチ	篠原健太		239	連載		
WSJP202304-05	2023年 No.04-05	12	人造人間100	江ノ島だいすけ		261	連載		
WSJP202304-05	2023年 No.04-05	13	あかね噺	馬上鷹将	末永裕樹	281	連載		
WSJP202304-05	2023年 No.04-05	14	一ノ瀬家の大罪	タイザン5		301	連載		
WSJP202304-05	2023年 No.04-05	15	残り火	白川蔵		321	読み切り		
WSJP202304-05	2023年 No.04-05	16	アンデッドアンラック	戸塚慶文		355	連載		
WSJP202304-05	2023年 No.04-05	17	逃げ上手の若君	松井優征		375	連載		
WSJP202304-05	2023年 No.04-05	18	HUNTER×HUNTER	冨樫義博		395	連載		
WSJP202304-05	2023年 No.04-05	19	大東京鬼嫁伝	仲間只一		415	連載		
WSJP202304-05	2023年 No.04-05	20	高校生家族	仲間りょう		435	連載		
WSJP202304-05	2023年 No.04-05	21	マッシュル-MASHLE-	甲本一		451	連載		
WSJP202304-05	2023年 No.04-05	22	PPPPPP	マボロ3号		471	連載		
WSJP202304-05	2023年 No.04-05	23	ギンカとリューナ	渡辺シンペイ		491	連載		
WSJP202306-07	2023年 No.06-07	1	ONE PIECE	尾田栄一郎		7	連載		
WSJP202306-07	2023年 No.06-07	2	SAKAMOTO DAYS	鈴木祐斗		51	連載		
WSJP202306-07	2023年 No.06-07	3	呪術廻戦	芥見下々		71	連載		
WSJP202306-07	2023年 No.06-07	4	僕とロボコ	宮崎周平		91	連載		
WSJP202306-07	2023年 No.06-07	5	僕のヒーローアカデミア	堀越耕平		107	連載		
WSJP202306-07	2023年 No.06-07	6	アオのハコ	三浦糀		123	連載		
WSJP202306-07	2023年 No.06-07	7	イチゴーキ！操縦中	林聖二		143	連載		
WSJP202306-07	2023年 No.06-07	8	ラックラック	島袋光年		161	読み切り		
WSJP202306-07	2023年 No.06-07	9	人造人間100	江ノ島だいすけ		213	連載		
WSJP202306-07	2023年 No.06-07	10	あかね噺	馬上鷹将	末永裕樹	233	連載		
WSJP202306-07	2023年 No.06-07	11	一ノ瀬家の大罪	タイザン5		253	連載		
WSJP202306-07	2023年 No.06-07	12	ブラッククローバー	田畠裕基		273	連載		
WSJP202306-07	2023年 No.06-07	13	あやかしトライアングル	矢吹健太朗		307	出張掲載		
WSJP202306-07	2023年 No.06-07	14	暗号学園のいろは	岩崎優次	西尾維新	329	連載		
WSJP202306-07	2023年 No.06-07	15	アンデッドアンラック	戸塚慶文		349	連載		
WSJP202306-07	2023年 No.06-07	16	逃げ上手の若君	松井優征		373	連載		
WSJP202306-07	2023年 No.06-07	17	ウィッチウォッチ	篠原健太		395	連載		
WSJP202306-07	2023年 No.06-07	18	ギンカとリューナ	渡辺シンペイ		415	連載		
WSJP202306-07	2023年 No.06-07	19	マッシュル-MASHLE-	甲本一		435	連載		
WSJP202306-07	2023年 No.06-07	20	高校生家族	仲間りょう		455	連載		
WSJP202306-07	2023年 No.06-07	21	PPPPPP	マボロ3号		471	連載		
WSJP202306-07	2023年 No.06-07	22	夜桜さんちの大作戦	権平ひつじ		493	連載		
WSJP202306-07	2023年 No.06-07	23	大東京鬼嫁伝	仲間只一		513	連載		
WSJP202308	2023年 No.08	1	アンデッドアンラック	戸塚慶文		3	連載		
WSJP202308	2023年 No.08	2	SAKAMOTO DAYS	鈴木祐斗		49	連載		
WSJP202308	2023年 No.08	3	ONE PIECE	尾田栄一郎		69	連載		
WSJP202308	2023年 No.08	4	呪術廻戦	芥見下々		89	連載		
WSJP202308	2023年 No.08	5	僕のヒーローアカデミア	堀越耕平		109	連載		
WSJP202308	2023年 No.08	6	アオのハコ	三浦糀		125	連載		
WSJP202308	2023年 No.08	7	一ノ瀬家の大罪	タイザン5		147	連載		
WSJP202308	2023年 No.08	8	僕とロボコ	宮崎周平		167	連載		
WSJP202308	2023年 No.08	9	逃げ上手の若君	松井優征		183	連載		
WSJP202308	2023年 No.08	10	イチゴーキ！操縦中	林聖二		203	連載		
WSJP202308	2023年 No.08	11	あかね噺	馬上鷹将	末永裕樹	239	連載		
WSJP202308	2023年 No.08	12	暗号学園のいろは	岩崎優次	西尾維新	261	連載		
WSJP202308	2023年 No.08	13	ウィッチウォッチ	篠原健太		281	連載		
WSJP202308	2023年 No.08	14	人造人間100	江ノ島だいすけ		301	連載		
WSJP202308	2023年 No.08	15	高校生家族	仲間りょう		321	連載		
WSJP202308	2023年 No.08	16	夜桜さんちの大作戦	権平ひつじ		337	連載		
WSJP202308	2023年 No.08	17	マッシュル-MASHLE-	甲本一		365	連載		
WSJP202308	2023年 No.08	18	ブラッククローバー	田畠裕基		385	連載		
WSJP202308	2023年 No.08	19	ギンカとリューナ	渡辺シンペイ		403	連載		
WSJP202308	2023年 No.08	20	大東京鬼嫁伝	仲間只一		423	連載		
WSJP202308	2023年 No.08	21	PPPPPP	マボロ3号		443	連載		
WSJP202309	2023年 No.09	1	マッシュル-MASHLE-	甲本一		3	連載		
WSJP202309	2023年 No.09	2	あかね噺	馬上鷹将	末永裕樹	49	連載		
WSJP202309	2023年 No.09	3	ONE PIECE	尾田栄一郎		71	連載		
WSJP202309	2023年 No.09	4	僕のヒーローアカデミア	堀越耕平		91	連載		
WSJP202309	2023年 No.09	5	ウィッチウォッチ	篠原健太		109	連載		
WSJP202309	2023年 No.09	6	呪術廻戦	芥見下々		129	連載		
WSJP202309	2023年 No.09	7	SAKAMOTO DAYS	鈴木祐斗		149	連載		
WSJP202309	2023年 No.09	8	アオのハコ	三浦糀		169	連載		
WSJP202309	2023年 No.09	9	一ノ瀬家の大罪	タイザン5		205	連載		
WSJP202309	2023年 No.09	10	アンデッドアンラック	戸塚慶文		229	連載		
WSJP202309	2023年 No.09	11	人造人間100	江ノ島だいすけ		249	連載		
WSJP202309	2023年 No.09	12	僕とロボコ	宮崎周平		271	連載		
WSJP202309	2023年 No.09	13	暗号学園のいろは	岩崎優次	西尾維新	289	連載		
WSJP202309	2023年 No.09	14	逃げ上手の若君	松井優征		309	連載		
WSJP202309	2023年 No.09	15	夜桜さんちの大作戦	権平ひつじ		329	連載		
WSJP202309	2023年 No.09	16	ブラッククローバー	田畠裕基		351	連載		
WSJP202309	2023年 No.09	17	イチゴーキ！操縦中	林聖二		369	連載		
WSJP202309	2023年 No.09	18	PPPPPP	マボロ3号		385	連載		
WSJP202309	2023年 No.09	19	大東京鬼嫁伝	仲間只一		405	連載		
WSJP202309	2023年 No.09	20	ギンカとリューナ	渡辺シンペイ		425	連載		
WSJP202309	2023年 No.09	21	高校生家族	仲間りょう		445	連載		
WSJP202310	2023年 No.10	1	ウィッチウォッチ	篠原健太		3	連載		
WSJP202310	2023年 No.10	2	アオのハコ	三浦糀		43	連載		
WSJP202310	2023年 No.10	3	僕とロボコ	宮崎周平		63	連載		
WSJP202310	2023年 No.10	4	イチゴーキ！操縦中	林聖二		81	連載		
WSJP202310	2023年 No.10	5	呪術廻戦	芥見下々		99	連載		
WSJP202310	2023年 No.10	6	SAKAMOTO DAYS	鈴木祐斗		119	連載		
WSJP202310	2023年 No.10	7	一ノ瀬家の大罪	タイザン5		143	連載		
WSJP202310	2023年 No.10	8	マッシュル-MASHLE-	甲本一		165	連載		
WSJP202310	2023年 No.10	9	あかね噺	馬上鷹将	末永裕樹	201	連載		
WSJP202310	2023年 No.10	10	逃げ上手の若君	松井優征		225	連載		
WSJP202310	2023年 No.10	11	人造人間100	江ノ島だいすけ		245	連載		
WSJP202310	2023年 No.10	12	アンデッドアンラック	戸塚慶文		267	連載		
WSJP202310	2023年 No.10	13	暗号学園のいろは	岩崎優次	西尾維新	291	連載		
WSJP202310	2023年 No.10	14	夜桜さんちの大作戦	権平ひつじ		311	連載		
WSJP202310	2023年 No.10	15	おねがい！流れ星	かみだしゅんいち		333	読み切り		
WSJP202310	2023年 No.10	16	ブラッククローバー	田畠裕基		351	連載		
WSJP202310	2023年 No.10	17	大東京鬼嫁伝	仲間只一		365	連載		
WSJP202310	2023年 No.10	18	パセリ農家が最強なら、つまり最高の野菜はパセリ	たけぐし一本 & みたらし三太		385	読み切り		
WSJP202310	2023年 No.10	19	PPPPPP	マボロ3号		401	連載		
WSJP202310	2023年 No.10	20	高校生家族	仲間りょう		421	連載		
WSJP202310	2023年 No.10	21	ギンカとリューナ	渡辺シンペイ		437	連載		
WSJP202311	2023年 No.11	1	あかね噺	馬上鷹将	末永裕樹	3	連載		
WSJP202311	2023年 No.11	2	ONE PIECE	尾田栄一郎		49	連載		
WSJP202311	2023年 No.11	3	呪術廻戦	芥見下々		67	連載		
WSJP202311	2023年 No.11	4	アンデッドアンラック	戸塚慶文		89	連載		
WSJP202311	2023年 No.11	5	SAKAMOTO DAYS	鈴木祐斗		109	連載		
WSJP202311	2023年 No.11	6	アオのハコ	三浦糀		131	連載		
WSJP202311	2023年 No.11	7	逃げ上手の若君	松井優征		153	連載		
WSJP202311	2023年 No.11	8	マッシュル-MASHLE-	甲本一		175	連載		
WSJP202311	2023年 No.11	9	ウィッチウォッチ	篠原健太		197	連載		
WSJP202311	2023年 No.11	10	ウパ野ルパ子は一般人	小園江ナツキ		219	読み切り		
WSJP202311	2023年 No.11	11	夜桜さんちの大作戦	権平ひつじ		277	連載		
WSJP202311	2023年 No.11	12	一ノ瀬家の大罪	タイザン5		299	連載		
WSJP202311	2023年 No.11	13	僕とロボコ	宮崎周平		319	連載		
WSJP202311	2023年 No.11	14	暗号学園のいろは	岩崎優次	西尾維新	335	連載		
WSJP202311	2023年 No.11	15	人造人間100	江ノ島だいすけ		355	連載		
WSJP202311	2023年 No.11	16	高校生家族	仲間りょう		375	連載		
WSJP202311	2023年 No.11	17	ギンカとリューナ	渡辺シンペイ		391	連載		
WSJP202311	2023年 No.11	18	イチゴーキ！操縦中	林聖二		411	連載		
WSJP202311	2023年 No.11	19	PPPPPP	マボロ3号		427	連載		
WSJP202311	2023年 No.11	20	大東京鬼嫁伝	仲間只一		447	連載		
WSJP202312	2023年 No.12	1	SAKAMOTO DAYS	鈴木祐斗		3	連載		
WSJP202312	2023年 No.12	2	ウィッチウォッチ	篠原健太		39	連載		
WSJP202312	2023年 No.12	3	ONE PIECE	尾田栄一郎		59	連載		
WSJP202312	2023年 No.12	4	アオのハコ	三浦糀		77	連載		
WSJP202312	2023年 No.12	5	僕のヒーローアカデミア	堀越耕平		97	連載		
WSJP202312	2023年 No.12	6	僕とロボコ	宮崎周平		115	連載		
WSJP202312	2023年 No.12	7	あかね噺	馬上鷹将	末永裕樹	137	連載		
WSJP202312	2023年 No.12	8	ブラッククローバー	田畠裕基		163	連載		
WSJP202312	2023年 No.12	9	アンデッドアンラック	戸塚慶文		181	連載		
WSJP202312	2023年 No.12	10	マッシュル-MASHLE-	甲本一		205	連載		
WSJP202312	2023年 No.12	11	逃げ上手の若君	松井優征		227	連載		
WSJP202312	2023年 No.12	12	暗号学園のいろは	岩崎優次	西尾維新	263	連載		
WSJP202312	2023年 No.12	13	一ノ瀬家の大罪	タイザン5		283	連載		
WSJP202312	2023年 No.12	14	人造人間100	江ノ島だいすけ		303	連載		
WSJP202312	2023年 No.12	15	夜桜さんちの大作戦	権平ひつじ		323	連載		
WSJP202312	2023年 No.12	16	イチゴーキ！操縦中	林聖二		343	連載		
WSJP202312	2023年 No.12	17	ギンカとリューナ	渡辺シンペイ		359	連載		
WSJP202312	2023年 No.12	18	大東京鬼嫁伝	仲間只一		379	連載		
WSJP202312	2023年 No.12	19	影と主	辻田大誠		399	読み切り		
WSJP202312	2023年 No.12	20	PPPPPP	マボロ3号		415	連載		
WSJP202312	2023年 No.12	21	高校生家族	仲間りょう		435	連載		最終回
WSJP202313	2023年 No.13	1	ONE PIECE	尾田栄一郎		4	連載		
WSJP202313	2023年 No.13	2	SAKAMOTO DAYS	鈴木祐斗		43	連載		
WSJP202313	2023年 No.13	3	僕のヒーローアカデミア	堀越耕平		63	連載		
WSJP202313	2023年 No.13	4	あかね噺	馬上鷹将	末永裕樹	79	連載		
WSJP202313	2023年 No.13	5	ウィッチウォッチ	篠原健太		101	連載		
WSJP202313	2023年 No.13	6	アオのハコ	三浦糀		121	連載		
WSJP202313	2023年 No.13	7	アンデッドアンラック	戸塚慶文		145	連載		
WSJP202313	2023年 No.13	8	呪術廻戦	芥見下々		165	連載		
WSJP202313	2023年 No.13	9	僕とロボコ	宮崎周平		187	連載		
WSJP202313	2023年 No.13	10	逃げ上手の若君	松井優征		209	連載		
WSJP202313	2023年 No.13	11	夜桜さんちの大作戦	権平ひつじ		229	連載		
WSJP202313	2023年 No.13	12	暗号学園のいろは	岩崎優次	西尾維新	249	連載		
WSJP202313	2023年 No.13	13	イチゴーキ！操縦中	林聖二		269	連載		
WSJP202313	2023年 No.13	14	マッシュル-MASHLE-	甲本一		293	連載		
WSJP202313	2023年 No.13	15	一ノ瀬家の大罪	タイザン5		315	連載		
WSJP202313	2023年 No.13	16	人造人間100	江ノ島だいすけ		335	連載		
WSJP202313	2023年 No.13	17	デッドライン	峯内一新		355	読み切り		
WSJP202313	2023年 No.13	18	ブラッククローバー	田畠裕基		371	連載		
WSJP202313	2023年 No.13	19	「ブラッククローバー」ミニキャラ4コマ劇場	田代弓也		384	読み切り		
WSJP202313	2023年 No.13	20	大東京鬼嫁伝	仲間只一		391	連載		
WSJP202313	2023年 No.13	21	ギンカとリューナ	渡辺シンペイ		411	連載		
WSJP202313	2023年 No.13	22	PPPPPP	マボロ3号		431	連載		最終回
WSJP202314	2023年 No.14	1	呪術廻戦	芥見下々		4	連載		
WSJP202314	2023年 No.14	2	SAKAMOTO DAYS	鈴木祐斗		49	連載		
WSJP202314	2023年 No.14	3	僕のヒーローアカデミア	堀越耕平		69	連載		
WSJP202314	2023年 No.14	4	僕とロボコ	宮崎周平		87	連載		
WSJP202314	2023年 No.14	5	アオのハコ	三浦糀		103	連載		
WSJP202314	2023年 No.14	6	あかね噺	馬上鷹将	末永裕樹	123	連載		
WSJP202314	2023年 No.14	7	夜桜さんちの大作戦	権平ひつじ		145	連載		
WSJP202314	2023年 No.14	8	ウィッチウォッチ	篠原健太		167	連載		
WSJP202314	2023年 No.14	9	プラリネ・プラネタ	生明生成		189	読み切り		
WSJP202314	2023年 No.14	10	ブラッククローバー	田畠裕基		237	連載		
WSJP202314	2023年 No.14	11	「ブラッククローバー」ミニキャラ4コマ劇場	田代弓也		252	読み切り		
WSJP202314	2023年 No.14	12	一ノ瀬家の大罪	タイザン5		271	連載		
WSJP202314	2023年 No.14	13	アンデッドアンラック	戸塚慶文		295	連載		
WSJP202314	2023年 No.14	14	マッシュル-MASHLE-	甲本一		315	連載		
WSJP202314	2023年 No.14	15	逃げ上手の若君	松井優征		337	連載		
WSJP202314	2023年 No.14	16	暗号学園のいろは	岩崎優次	西尾維新	357	連載		
WSJP202314	2023年 No.14	17	人造人間100	江ノ島だいすけ		379	連載		
WSJP202314	2023年 No.14	18	ギンカとリューナ	渡辺シンペイ		401	連載		
WSJP202314	2023年 No.14	19	大東京鬼嫁伝	仲間只一		423	連載		
WSJP202314	2023年 No.14	20	イチゴーキ！操縦中	林聖二		443	連載		
WSJP202315	2023年 No.15	1	アオのハコ	三浦糀		3	連載		
WSJP202315	2023年 No.15	2	僕とロボコ	宮崎周平		51	連載		
WSJP202315	2023年 No.15	3	ONE PIECE	尾田栄一郎		67	連載		
WSJP202315	2023年 No.15	4	ウィッチウォッチ	篠原健太		85	連載		
WSJP202315	2023年 No.15	5	呪術廻戦	芥見下々		105	連載		
WSJP202315	2023年 No.15	6	SAKAMOTO DAYS	鈴木祐斗		125	連載		
WSJP202315	2023年 No.15	7	あかね噺	馬上鷹将	末永裕樹	151	連載		
WSJP202315	2023年 No.15	8	一ノ瀬家の大罪	タイザン5		173	連載		
WSJP202315	2023年 No.15	9	門守姉弟の日常	町田麗弥		193	読み切り		
WSJP202315	2023年 No.15	10	アンデッドアンラック	戸塚慶文		243	連載		
WSJP202315	2023年 No.15	11	悪魔の契約書に不備があるので再提出してください	渡部開		267	読み切り		
WSJP202315	2023年 No.15	12	夜桜さんちの大作戦	権平ひつじ		299	連載		
WSJP202315	2023年 No.15	13	逃げ上手の若君	松井優征		321	連載		
WSJP202315	2023年 No.15	14	マッシュル-MASHLE-	甲本一		341	連載		
WSJP202315	2023年 No.15	15	人造人間100	江ノ島だいすけ		361	連載		
WSJP202315	2023年 No.15	16	イチゴーキ！操縦中	林聖二		381	連載		
WSJP202315	2023年 No.15	17	暗号学園のいろは	岩崎優次	西尾維新	397	連載		
WSJP202315	2023年 No.15	18	大東京鬼嫁伝	仲間只一		417	連載		
WSJP202315	2023年 No.15	19	ギンカとリューナ	渡辺シンペイ		437	連載		
WSJP202316	2023年 No.16	1	逃げ上手の若君	松井優征		3	連載		
WSJP202316	2023年 No.16	2	あかね噺	馬上鷹将	末永裕樹	51	連載		
WSJP202316	2023年 No.16	3	ONE PIECE	尾田栄一郎		71	連載		
WSJP202316	2023年 No.16	4	僕とロボコ	宮崎周平		89	連載		
WSJP202316	2023年 No.16	5	呪術廻戦	芥見下々		105	連載		
WSJP202316	2023年 No.16	6	真夜中月丘高等学校	伊原大貴		125	読み切り		
WSJP202316	2023年 No.16	7	ウィッチウォッチ	篠原健太		153	連載		
WSJP202316	2023年 No.16	8	アンデッドアンラック	戸塚慶文		173	連載		
WSJP202316	2023年 No.16	9	SAKAMOTO DAYS	鈴木祐斗		201	連載		
WSJP202316	2023年 No.16	10	キミと青いヨルの	宇佐崎しろ & 田岡宗晃	きださおり	223	読み切り		
WSJP202316	2023年 No.16	11	アオのハコ	三浦糀		243	連載		
WSJP202316	2023年 No.16	12	一ノ瀬家の大罪	タイザン5		267	連載		
WSJP202316	2023年 No.16	13	マッシュル-MASHLE-	甲本一		305	連載		
WSJP202316	2023年 No.16	14	人造人間100	江ノ島だいすけ		329	連載		
WSJP202316	2023年 No.16	15	ブラッククローバー	田畠裕基		349	連載		
WSJP202316	2023年 No.16	16	夜桜さんちの大作戦	権平ひつじ		367	連載		
WSJP202316	2023年 No.16	17	イチゴーキ！操縦中	林聖二		387	連載		
WSJP202316	2023年 No.16	18	ギンカとリューナ	渡辺シンペイ		403	連載		
WSJP202316	2023年 No.16	19	大東京鬼嫁伝	仲間只一		423	連載		
WSJP202316	2023年 No.16	20	暗号学園のいろは	岩崎優次	西尾維新	443	連載		
WSJP202317	2023年 No.17	1	ブラッククローバー	田畠裕基		5	連載		
WSJP202317	2023年 No.17	2	ウィッチウォッチ	篠原健太		55	連載		
WSJP202317	2023年 No.17	3	ONE PIECE	尾田栄一郎		75	連載		
WSJP202317	2023年 No.17	4	あかね噺	馬上鷹将	末永裕樹	93	連載		
WSJP202317	2023年 No.17	5	SAKAMOTO DAYS	鈴木祐斗		113	連載		
WSJP202317	2023年 No.17	6	アンデッドアンラック	戸塚慶文		133	連載		
WSJP202317	2023年 No.17	7	アオのハコ	三浦糀		157	連載		
WSJP202317	2023年 No.17	8	一ノ瀬家の大罪	タイザン5		177	連載		
WSJP202317	2023年 No.17	9	影ノ罪忍	辻田大誠		199	読み切り		
WSJP202317	2023年 No.17	10	僕のヒーローアカデミア	堀越耕平		247	連載		
WSJP202317	2023年 No.17	11	僕とロボコ	宮崎周平		273	連載		
WSJP202317	2023年 No.17	12	マッシュル-MASHLE-	甲本一		291	連載		
WSJP202317	2023年 No.17	13	夜桜さんちの大作戦	権平ひつじ		311	連載		
WSJP202317	2023年 No.17	14	逃げ上手の若君	松井優征		331	連載		
WSJP202317	2023年 No.17	15	イチゴーキ！操縦中	林聖二		351	連載		
WSJP202317	2023年 No.17	16	人造人間100	江ノ島だいすけ		367	連載		
WSJP202317	2023年 No.17	17	桐律のキリツ	KOJIRO		387	読み切り		
WSJP202317	2023年 No.17	18	暗号学園のいろは	岩崎優次	西尾維新	403	連載		
WSJP202317	2023年 No.17	19	ギンカとリューナ	渡辺シンペイ		423	連載		
WSJP202317	2023年 No.17	20	大東京鬼嫁伝	仲間只一		443	連載		
WSJP202318	2023年 No.18	1	マッシュル-MASHLE-	甲本一		5	連載		
WSJP202318	2023年 No.18	2	アンデッドアンラック	戸塚慶文		55	連載		
WSJP202318	2023年 No.18	3	呪術廻戦	芥見下々		75	連載		
WSJP202318	2023年 No.18	4	SAKAMOTO DAYS	鈴木祐斗		97	連載		
WSJP202318	2023年 No.18	5	逃げ上手の若君	松井優征		119	連載		
WSJP202318	2023年 No.18	6	あかね噺	馬上鷹将	末永裕樹	139	連載		
WSJP202318	2023年 No.18	7	フォローミー、ゴースト	ヤマノエイ		163	読み切り		
WSJP202318	2023年 No.18	8	僕のヒーローアカデミア	堀越耕平		211	連載		
WSJP202318	2023年 No.18	9	一ノ瀬家の大罪	タイザン5		245	連載		
WSJP202318	2023年 No.18	10	ウィッチウォッチ	篠原健太		267	連載		
WSJP202318	2023年 No.18	11	アオのハコ	三浦糀		289	連載		
WSJP202318	2023年 No.18	12	僕とロボコ	宮崎周平		311	連載		
WSJP202318	2023年 No.18	13	暗号学園のいろは	岩崎優次	西尾維新	329	連載		
WSJP202318	2023年 No.18	14	ブラッククローバー	田畠裕基		351	連載		
WSJP202318	2023年 No.18	15	「ブラッククローバー」ミニキャラ4コマ劇場	田代弓也		366	読み切り		
WSJP202318	2023年 No.18	16	夜桜さんちの大作戦	権平ひつじ		371	連載		
WSJP202318	2023年 No.18	17	イチゴーキ！操縦中	林聖二		391	連載		
WSJP202318	2023年 No.18	18	人造人間100	江ノ島だいすけ		407	連載		
WSJP202318	2023年 No.18	19	ギンカとリューナ	渡辺シンペイ		427	連載		
WSJP202318	2023年 No.18	20	大東京鬼嫁伝	仲間只一		447	連載		最終回
WSJP202319	2023年 No.19	1	テンマクキネマ	佐伯俊	附田祐斗	5	連載		新連載
WSJP202319	2023年 No.19	2	ONE PIECE	尾田栄一郎		87	連載		
WSJP202319	2023年 No.19	3	妖精の飼い方	林守大		105	読み切り		
WSJP202319	2023年 No.19	4	アオのハコ	三浦糀		123	連載		
WSJP202319	2023年 No.19	5	マッシュル-MASHLE-	甲本一		147	連載		
WSJP202319	2023年 No.19	6	呪術廻戦	芥見下々		167	連載		
WSJP202319	2023年 No.19	7	ウィッチウォッチ	篠原健太		189	連載		
WSJP202319	2023年 No.19	8	あかね噺	馬上鷹将	末永裕樹	211	連載		
WSJP202319	2023年 No.19	9	SAKAMOTO DAYS	鈴木祐斗		231	連載		
WSJP202319	2023年 No.19	10	逃げ上手の若君	松井優征		251	連載		
WSJP202319	2023年 No.19	11	僕とロボコ	宮崎周平		271	連載		
WSJP202319	2023年 No.19	12	アンデッドアンラック	戸塚慶文		295	連載		
WSJP202319	2023年 No.19	13	暗号学園のいろは	岩崎優次	西尾維新	319	連載		
WSJP202319	2023年 No.19	14	一ノ瀬家の大罪	タイザン5		339	連載		
WSJP202319	2023年 No.19	15	夜桜さんちの大作戦	権平ひつじ		361	連載		
WSJP202319	2023年 No.19	16	イチゴーキ！操縦中	林聖二		381	連載		
WSJP202319	2023年 No.19	17	人造人間100	江ノ島だいすけ		397	連載		
WSJP202319	2023年 No.19	18	宇宙おじさん	宮澤大樹		417	読み切り		
WSJP202319	2023年 No.19	19	ギンカとリューナ	渡辺シンペイ		433	連載		最終回
WSJP202320	2023年 No.20	1	キルアオ	藤巻忠俊		3	連載		新連載
WSJP202320	2023年 No.20	2	SAKAMOTO DAYS	鈴木祐斗		81	連載		
WSJP202320	2023年 No.20	3	呪術廻戦	芥見下々		101	連載		
WSJP202320	2023年 No.20	4	テンマクキネマ	佐伯俊	附田祐斗	123	連載		
WSJP202320	2023年 No.20	5	アオのハコ	三浦糀		155	連載		
WSJP202320	2023年 No.20	6	ウィッチウォッチ	篠原健太		183	連載		
WSJP202320	2023年 No.20	7	僕のヒーローアカデミア	堀越耕平		203	連載		
WSJP202320	2023年 No.20	8	あかね噺	馬上鷹将	末永裕樹	221	連載		
WSJP202320	2023年 No.20	9	逃げ上手の若君	松井優征		245	連載		
WSJP202320	2023年 No.20	10	アンデッドアンラック	戸塚慶文		265	連載		
WSJP202320	2023年 No.20	11	僕とロボコ	宮崎周平		303	連載		
WSJP202320	2023年 No.20	12	一ノ瀬家の大罪	タイザン5		321	連載		
WSJP202320	2023年 No.20	13	マッシュル-MASHLE-	甲本一		341	連載		
WSJP202320	2023年 No.20	14	暗号学園のいろは	岩崎優次	西尾維新	361	連載		
WSJP202320	2023年 No.20	15	ブラッククローバー	田畠裕基		381	連載		
WSJP202320	2023年 No.20	16	夜桜さんちの大作戦	権平ひつじ		401	連載		
WSJP202320	2023年 No.20	17	人造人間100	江ノ島だいすけ		423	連載		
WSJP202320	2023年 No.20	18	イチゴーキ！操縦中	林聖二		443	連載		
WSJP202321-22	2023年 No.21-22	1	ONE PIECE	尾田栄一郎		4	連載		
WSJP202321-22	2023年 No.21-22	2	呪術廻戦	芥見下々		47	連載		
WSJP202321-22	2023年 No.21-22	3	僕のヒーローアカデミア	堀越耕平		67	連載		
WSJP202321-22	2023年 No.21-22	4	SAKAMOTO DAYS	鈴木祐斗		85	連載		
WSJP202321-22	2023年 No.21-22	5	あかね噺	馬上鷹将	末永裕樹	105	連載		
WSJP202321-22	2023年 No.21-22	6	キルアオ	藤巻忠俊		125	連載		
WSJP202321-22	2023年 No.21-22	7	一ノ瀬家の大罪	タイザン5		155	連載		
WSJP202321-22	2023年 No.21-22	8	テンマクキネマ	佐伯俊	附田祐斗	177	連載		
WSJP202321-22	2023年 No.21-22	9	アオのハコ	三浦糀		201	連載		
WSJP202321-22	2023年 No.21-22	10	超巡！超条先輩	沼駿		223	読み切り		
WSJP202321-22	2023年 No.21-22	11	逃げ上手の若君	松井優征		269	連載		
WSJP202321-22	2023年 No.21-22	12	ゲリラ食堂	市真ケンジ & 伊達恒大		305	読み切り		
WSJP202321-22	2023年 No.21-22	13	ウィッチウォッチ	篠原健太		335	連載		
WSJP202321-22	2023年 No.21-22	14	アンデッドアンラック	戸塚慶文		355	連載		
WSJP202321-22	2023年 No.21-22	15	夜桜さんちの大作戦	権平ひつじ		377	連載		
WSJP202321-22	2023年 No.21-22	16	マッシュル-MASHLE-	甲本一		399	連載		
WSJP202321-22	2023年 No.21-22	17	僕とロボコ	宮崎周平		419	連載		
WSJP202321-22	2023年 No.21-22	18	ブラッククローバー	田畠裕基		435	連載		
WSJP202321-22	2023年 No.21-22	19	「ブラッククローバー」ミニキャラ4コマ劇場	田代弓也		450	読み切り		
WSJP202321-22	2023年 No.21-22	20	暗号学園のいろは	岩崎優次	西尾維新	453	連載		
WSJP202321-22	2023年 No.21-22	21	人造人間100	江ノ島だいすけ		473	連載		
WSJP202323	2023年 No.23	1	ドリトライ	雲母坂盾		3	連載		新連載
WSJP202323	2023年 No.23	2	僕とロボコ	宮崎周平		77	連載		
WSJP202323	2023年 No.23	3	ONE PIECE	尾田栄一郎		101	連載		
WSJP202323	2023年 No.23	4	逃げ上手の若君	松井優征		121	連載		
WSJP202323	2023年 No.23	5	テンマクキネマ	佐伯俊	附田祐斗	143	連載		
WSJP202323	2023年 No.23	6	SAKAMOTO DAYS	鈴木祐斗		165	連載		
WSJP202323	2023年 No.23	7	マッシュル-MASHLE-	甲本一		187	連載		
WSJP202323	2023年 No.23	8	キルアオ	藤巻忠俊		209	連載		
WSJP202323	2023年 No.23	9	僕のヒーローアカデミア	堀越耕平		235	連載		
WSJP202323	2023年 No.23	10	アンデッドアンラック	戸塚慶文		269	連載		
WSJP202323	2023年 No.23	11	アオのハコ	三浦糀		293	連載		
WSJP202323	2023年 No.23	12	あかね噺	馬上鷹将	末永裕樹	313	連載		
WSJP202323	2023年 No.23	13	ウィッチウォッチ	篠原健太		335	連載		
WSJP202323	2023年 No.23	14	一ノ瀬家の大罪	タイザン5		357	連載		
WSJP202323	2023年 No.23	15	夜桜さんちの大作戦	権平ひつじ		379	連載		
WSJP202323	2023年 No.23	16	MaMa	山本元輝		399	読み切り		
WSJP202323	2023年 No.23	17	人造人間100	江ノ島だいすけ		417	連載		
WSJP202323	2023年 No.23	18	暗号学園のいろは	岩崎優次	西尾維新	437	連載		
WSJP202324	2023年 No.24	1	鵺の陰陽師	川江康太		3	連載		新連載
WSJP202324	2023年 No.24	2	アオのハコ	三浦糀		77	連載		
WSJP202324	2023年 No.24	3	ONE PIECE	尾田栄一郎		99	連載		
WSJP202324	2023年 No.24	4	ドリトライ	雲母坂盾		119	連載		
WSJP202324	2023年 No.24	5	ウィッチウォッチ	篠原健太		145	連載		
WSJP202324	2023年 No.24	6	キルアオ	藤巻忠俊		165	連載		
WSJP202324	2023年 No.24	7	あかね噺	馬上鷹将	末永裕樹	185	連載		
WSJP202324	2023年 No.24	8	呪術廻戦	芥見下々		207	連載		
WSJP202324	2023年 No.24	9	僕のヒーローアカデミア	堀越耕平		227	連載		
WSJP202324	2023年 No.24	10	テンマクキネマ	佐伯俊	附田祐斗	247	連載		
WSJP202324	2023年 No.24	11	夜桜さんちの大作戦	権平ひつじ		283	連載		
WSJP202324	2023年 No.24	12	マッシュル-MASHLE-	甲本一		305	連載		
WSJP202324	2023年 No.24	13	SAKAMOTO DAYS	鈴木祐斗		329	連載		
WSJP202324	2023年 No.24	14	逃げ上手の若君	松井優征		349	連載		
WSJP202324	2023年 No.24	15	アンデッドアンラック	戸塚慶文		369	連載		
WSJP202324	2023年 No.24	16	一ノ瀬家の大罪	タイザン5		389	連載		
WSJP202324	2023年 No.24	17	暗号学園のいろは	岩崎優次	西尾維新	409	連載		
WSJP202324	2023年 No.24	18	僕とロボコ	宮崎周平		429	連載		
WSJP202324	2023年 No.24	19	人造人間100	江ノ島だいすけ		445	連載		
WSJP202325	2023年 No.25	1	ONE PIECE	尾田栄一郎		4	連載		
WSJP202325	2023年 No.25	2	SAKAMOTO DAYS	鈴木祐斗		39	連載		
WSJP202325	2023年 No.25	3	あかね噺	馬上鷹将	末永裕樹	61	連載		
WSJP202325	2023年 No.25	4	鵺の陰陽師	川江康太		85	連載		
WSJP202325	2023年 No.25	5	アオのハコ	三浦糀		111	連載		
WSJP202325	2023年 No.25	6	テンマクキネマ	佐伯俊	附田祐斗	131	連載		
WSJP202325	2023年 No.25	7	僕のヒーローアカデミア	堀越耕平		151	連載		
WSJP202325	2023年 No.25	8	ドリトライ	雲母坂盾		171	連載		
WSJP202325	2023年 No.25	9	呪術廻戦	芥見下々		195	連載		
WSJP202325	2023年 No.25	10	暗号学園のいろは	岩崎優次	西尾維新	233	連載		
WSJP202325	2023年 No.25	11	キルアオ	藤巻忠俊		255	連載		
WSJP202325	2023年 No.25	12	ウィッチウォッチ	篠原健太		275	連載		
WSJP202325	2023年 No.25	13	アンデッドアンラック	戸塚慶文		295	連載		
WSJP202325	2023年 No.25	14	一ノ瀬家の大罪	タイザン5		321	連載		
WSJP202325	2023年 No.25	15	夜桜さんちの大作戦	権平ひつじ		343	連載		
WSJP202325	2023年 No.25	16	逃げ上手の若君	松井優征		363	連載		
WSJP202325	2023年 No.25	17	僕とロボコ	宮崎周平		383	連載		
WSJP202325	2023年 No.25	18	人造人間100	江ノ島だいすけ		399	連載		
WSJP202325	2023年 No.25	19	マッシュル-MASHLE-	甲本一		419	連載		
WSJP202325	2023年 No.25	20	ブラッククローバー	田畠裕基		439	連載		
WSJP202325	2023年 No.25	21	「ブラッククローバー」ミニキャラ4コマ劇場	田代弓也		454	読み切り		
WSJP202326	2023年 No.26	1	SAKAMOTO DAYS	鈴木祐斗		3	連載		
WSJP202326	2023年 No.26	2	夜桜さんちの大作戦	権平ひつじ		47	連載		
WSJP202326	2023年 No.26	3	呪術廻戦	芥見下々		69	連載		
WSJP202326	2023年 No.26	4	アオのハコ	三浦糀		91	連載		
WSJP202326	2023年 No.26	5	ドリトライ	雲母坂盾		113	連載		
WSJP202326	2023年 No.26	6	ウィッチウォッチ	篠原健太		133	連載		
WSJP202326	2023年 No.26	7	キルアオ	藤巻忠俊		153	連載		
WSJP202326	2023年 No.26	8	君と餃子とエイリアン	岡田大		173	読み切り		
WSJP202326	2023年 No.26	9	必要十分の私たち	逸茂エルク		221	読み切り		
WSJP202326	2023年 No.26	10	人造人間100	江ノ島だいすけ		247	連載		
WSJP202326	2023年 No.26	11	鵺の陰陽師	川江康太		269	連載		
WSJP202326	2023年 No.26	12	あかね噺	馬上鷹将	末永裕樹	293	連載		
WSJP202326	2023年 No.26	13	アンデッドアンラック	戸塚慶文		313	連載		
WSJP202326	2023年 No.26	14	テンマクキネマ	佐伯俊	附田祐斗	333	連載		
WSJP202326	2023年 No.26	15	マッシュル-MASHLE-	甲本一		355	連載		
WSJP202326	2023年 No.26	16	逃げ上手の若君	松井優征		377	連載		
WSJP202326	2023年 No.26	17	僕とロボコ	宮崎周平		397	連載		
WSJP202326	2023年 No.26	18	一ノ瀬家の大罪	タイザン5		413	連載		
WSJP202326	2023年 No.26	19	ブラッククローバー	田畠裕基		433	連載		
WSJP202326	2023年 No.26	20	暗号学園のいろは	岩崎優次	西尾維新	449	連載		
WSJP202327	2023年 No.27	1	ウィッチウォッチ	篠原健太		3	連載		
WSJP202327	2023年 No.27	2	SAKAMOTO DAYS	鈴木祐斗		43	連載		
WSJP202327	2023年 No.27	3	ONE PIECE	尾田栄一郎		65	連載		
WSJP202327	2023年 No.27	4	マッシュル-MASHLE-	甲本一		87	連載		
WSJP202327	2023年 No.27	5	あかね噺	馬上鷹将	末永裕樹	109	連載		
WSJP202327	2023年 No.27	6	キルアオ	藤巻忠俊		129	連載		
WSJP202327	2023年 No.27	7	都の鬼と田舎の狸	菰田コトヒロ		153	読み切り		
WSJP202327	2023年 No.27	8	僕のヒーローアカデミア	堀越耕平		201	連載		
WSJP202327	2023年 No.27	9	僕とロボコ	宮崎周平		235	連載		
WSJP202327	2023年 No.27	10	鵺の陰陽師	川江康太		253	連載		
WSJP202327	2023年 No.27	11	アオのハコ	三浦糀		273	連載		
WSJP202327	2023年 No.27	12	ドリトライ	雲母坂盾		293	連載		
WSJP202327	2023年 No.27	13	夜桜さんちの大作戦	権平ひつじ		313	連載		
WSJP202327	2023年 No.27	14	逃げ上手の若君	松井優征		333	連載		
WSJP202327	2023年 No.27	15	アンデッドアンラック	戸塚慶文		353	連載		
WSJP202327	2023年 No.27	16	テンマクキネマ	佐伯俊	附田祐斗	375	連載		
WSJP202327	2023年 No.27	17	暗号学園のいろは	岩崎優次	西尾維新	397	連載		
WSJP202327	2023年 No.27	18	人造人間100	江ノ島だいすけ		417	連載		
WSJP202327	2023年 No.27	19	一ノ瀬家の大罪	タイザン5		437	連載		
WSJP202328	2023年 No.28	1	ONE PIECE	尾田栄一郎		4	連載		
WSJP202328	2023年 No.28	2	アオのハコ	三浦糀		45	連載		
WSJP202328	2023年 No.28	3	呪術廻戦	芥見下々		67	連載		
WSJP202328	2023年 No.28	4	キルアオ	藤巻忠俊		89	連載		
WSJP202328	2023年 No.28	5	夜桜さんちの大作戦	権平ひつじ		111	連載		
WSJP202328	2023年 No.28	6	SAKAMOTO DAYS	鈴木祐斗		131	連載		
WSJP202328	2023年 No.28	7	鵺の陰陽師	川江康太		151	連載		
WSJP202328	2023年 No.28	8	あかね噺	馬上鷹将	末永裕樹	171	連載		
WSJP202328	2023年 No.28	9	ウィッチウォッチ	篠原健太		195	連載		
WSJP202328	2023年 No.28	10	僕とロボコ	宮崎周平		215	連載		
WSJP202328	2023年 No.28	11	ドリトライ	雲母坂盾		233	連載		
WSJP202328	2023年 No.28	12	ブラッククローバー	田畠裕基		253	連載		
WSJP202328	2023年 No.28	13	一ノ瀬家の大罪	タイザン5		285	連載		
WSJP202328	2023年 No.28	14	逃げ上手の若君	松井優征		307	連載		
WSJP202328	2023年 No.28	15	暗号学園のいろは	岩崎優次	西尾維新	327	連載		
WSJP202328	2023年 No.28	16	アンデッドアンラック	戸塚慶文		347	連載		
WSJP202328	2023年 No.28	17	メグを見てあげる	暁はむる		367	読み切り		
WSJP202328	2023年 No.28	18	テンマクキネマ	佐伯俊	附田祐斗	383	連載		
WSJP202328	2023年 No.28	19	マッシュル-MASHLE-	甲本一		403	連載		
WSJP202328	2023年 No.28	20	人造人間100	江ノ島だいすけ		423	連載		
WSJP202329	2023年 No.29	1	アスミカケル	川田		3	連載		新連載
WSJP202329	2023年 No.29	2	あかね噺	馬上鷹将	末永裕樹	79	連載		
WSJP202329	2023年 No.29	3	僕のヒーローアカデミア	堀越耕平		105	連載		
WSJP202329	2023年 No.29	4	マッシュル-MASHLE-	甲本一		123	連載		
WSJP202329	2023年 No.29	5	アオのハコ	三浦糀		145	連載		
WSJP202329	2023年 No.29	6	呪術廻戦	芥見下々		165	連載		
WSJP202329	2023年 No.29	7	SAKAMOTO DAYS	鈴木祐斗		185	連載		
WSJP202329	2023年 No.29	8	ブラッククローバー	田畠裕基		205	連載		
WSJP202329	2023年 No.29	9	夜桜さんちの大作戦	権平ひつじ		221	連載		
WSJP202329	2023年 No.29	10	キルアオ	藤巻忠俊		243	連載		
WSJP202329	2023年 No.29	11	逃げ上手の若君	松井優征		263	連載		
WSJP202329	2023年 No.29	12	鵺の陰陽師	川江康太		283	連載		
WSJP202329	2023年 No.29	13	僕とロボコ	宮崎周平		319	連載		
WSJP202329	2023年 No.29	14	ウィッチウォッチ	篠原健太		337	連載		
WSJP202329	2023年 No.29	15	暗号学園のいろは	岩崎優次	西尾維新	357	連載		
WSJP202329	2023年 No.29	16	アンデッドアンラック	戸塚慶文		377	連載		
WSJP202329	2023年 No.29	17	ドリトライ	雲母坂盾		397	連載		
WSJP202329	2023年 No.29	18	一ノ瀬家の大罪	タイザン5		417	連載		
WSJP202329	2023年 No.29	19	人造人間100	江ノ島だいすけ		437	連載		
WSJP202329	2023年 No.29	20	テンマクキネマ	佐伯俊	附田祐斗	457	連載		
WSJP202330	2023年 No.30	1	アイスヘッドギル	蜂矢育生		3	連載		新連載
WSJP202330	2023年 No.30	2	SAKAMOTO DAYS	鈴木祐斗		79	連載		
WSJP202330	2023年 No.30	3	ウィッチウォッチ	篠原健太		99	連載		
WSJP202330	2023年 No.30	4	アスミカケル	川田		123	連載		
WSJP202330	2023年 No.30	5	鵺の陰陽師	川江康太		149	連載		
WSJP202330	2023年 No.30	6	アンデッドアンラック	戸塚慶文		169	連載		
WSJP202330	2023年 No.30	7	アオのハコ	三浦糀		189	連載		
WSJP202330	2023年 No.30	8	キルアオ	藤巻忠俊		211	連載		
WSJP202330	2023年 No.30	9	僕のヒーローアカデミア	堀越耕平		231	連載		
WSJP202330	2023年 No.30	10	僕とロボコ	宮崎周平		249	連載		
WSJP202330	2023年 No.30	11	暗号学園のいろは	岩崎優次	西尾維新	267	連載		
WSJP202330	2023年 No.30	12	逃げ上手の若君	松井優征		295	連載		
WSJP202330	2023年 No.30	13	あかね噺	馬上鷹将	末永裕樹	317	連載		
WSJP202330	2023年 No.30	14	夜桜さんちの大作戦	権平ひつじ		339	連載		
WSJP202330	2023年 No.30	15	マッシュル-MASHLE-	甲本一		361	連載		
WSJP202330	2023年 No.30	16	一ノ瀬家の大罪	タイザン5		383	連載		
WSJP202330	2023年 No.30	17	ドリトライ	雲母坂盾		403	連載		
WSJP202330	2023年 No.30	18	ブラッククローバー	田畠裕基		425	連載		
WSJP202330	2023年 No.30	19	「ブラッククローバー」ミニキャラ4コマ劇場	田代弓也		436	読み切り		
WSJP202330	2023年 No.30	20	テンマクキネマ	佐伯俊	附田祐斗	443	連載		
WSJP202330	2023年 No.30	21	人造人間100	江ノ島だいすけ		465	連載		
WSJP202331	2023年 No.31	1	呪術廻戦	芥見下々		4	連載		
WSJP202331	2023年 No.31	2	逃げ上手の若君	松井優征		51	連載		
WSJP202331	2023年 No.31	3	SAKAMOTO DAYS	鈴木祐斗		71	連載		
WSJP202331	2023年 No.31	4	アイスヘッドギル	蜂矢育生		93	連載		
WSJP202331	2023年 No.31	5	キルアオ	藤巻忠俊		119	連載		
WSJP202331	2023年 No.31	6	鵺の陰陽師	川江康太		139	連載		
WSJP202331	2023年 No.31	7	マッシュル-MASHLE-	甲本一		159	連載		最終回
WSJP202331	2023年 No.31	8	アスミカケル	川田		187	連載		
WSJP202331	2023年 No.31	9	僕とロボコ	宮崎周平		211	連載		
WSJP202331	2023年 No.31	10	夜桜さんちの大作戦	権平ひつじ		243	連載		
WSJP202331	2023年 No.31	11	アオのハコ	三浦糀		265	連載		
WSJP202331	2023年 No.31	12	ウィッチウォッチ	篠原健太		285	連載		
WSJP202331	2023年 No.31	13	あかね噺	馬上鷹将	末永裕樹	305	連載		
WSJP202331	2023年 No.31	14	一ノ瀬家の大罪	タイザン5		325	連載		
WSJP202331	2023年 No.31	15	アンデッドアンラック	戸塚慶文		345	連載		
WSJP202331	2023年 No.31	16	暗号学園のいろは	岩崎優次	西尾維新	367	連載		
WSJP202331	2023年 No.31	17	テンマクキネマ	佐伯俊	附田祐斗	389	連載		
WSJP202331	2023年 No.31	18	人造人間100	江ノ島だいすけ		409	連載		
WSJP202331	2023年 No.31	19	ドリトライ	雲母坂盾		429	連載		
WSJP202332	2023年 No.32	1	僕とロボコ	宮崎周平		4	連載		
WSJP202332	2023年 No.32	2	SAKAMOTO DAYS	鈴木祐斗		47	連載		
WSJP202332	2023年 No.32	3	アオのハコ	三浦糀		69	連載		
WSJP202332	2023年 No.32	4	こちら葛飾区亀有公園前派出所	秋本治		91	読み切り		
WSJP202332	2023年 No.32	5	僕のヒーローアカデミア	堀越耕平		139	連載		
WSJP202332	2023年 No.32	6	あかね噺	馬上鷹将	末永裕樹	157	連載		
WSJP202332	2023年 No.32	7	アスミカケル	川田		179	連載		
WSJP202332	2023年 No.32	8	呪術廻戦	芥見下々		203	連載		
WSJP202332	2023年 No.32	9	アンデッドアンラック	戸塚慶文		239	連載		
WSJP202332	2023年 No.32	10	アイスヘッドギル	蜂矢育生		265	連載		
WSJP202332	2023年 No.32	11	ウィッチウォッチ	篠原健太		289	連載		
WSJP202332	2023年 No.32	12	逃げ上手の若君	松井優征		311	連載		
WSJP202332	2023年 No.32	13	キルアオ	藤巻忠俊		331	連載		
WSJP202332	2023年 No.32	14	鵺の陰陽師	川江康太		353	連載		
WSJP202332	2023年 No.32	15	夜桜さんちの大作戦	権平ひつじ		373	連載		
WSJP202332	2023年 No.32	16	暗号学園のいろは	岩崎優次	西尾維新	393	連載		
WSJP202332	2023年 No.32	17	テンマクキネマ	佐伯俊	附田祐斗	413	連載		
WSJP202332	2023年 No.32	18	ブラッククローバー	田畠裕基		433	連載		
WSJP202332	2023年 No.32	19	人造人間100	江ノ島だいすけ		449	連載		
WSJP202332	2023年 No.32	20	ドリトライ	雲母坂盾		469	連載		
WSJP202332	2023年 No.32	21	一ノ瀬家の大罪	タイザン5		489	連載		
WSJP202333	2023年 No.33	1	僕のヒーローアカデミア	堀越耕平		10	連載		
WSJP202333	2023年 No.33	2	ONE PIECE	尾田栄一郎		55	連載		
WSJP202333	2023年 No.33	3	呪術廻戦	芥見下々		75	連載		
WSJP202333	2023年 No.33	4	NARUTO -ナルト- 外伝〜渦の中のつむじ風〜	岸本斉史		99	読み切り		
WSJP202333	2023年 No.33	5	SAKAMOTO DAYS	鈴木祐斗		155	連載		
WSJP202333	2023年 No.33	6	アオのハコ	三浦糀		177	連載		
WSJP202333	2023年 No.33	7	あかね噺	馬上鷹将	末永裕樹	199	連載		
WSJP202333	2023年 No.33	8	アイスヘッドギル	蜂矢育生		223	連載		
WSJP202333	2023年 No.33	9	ウィッチウォッチ	篠原健太		243	連載		
WSJP202333	2023年 No.33	10	キルアオ	藤巻忠俊		281	連載		
WSJP202333	2023年 No.33	11	アスミカケル	川田		303	連載		
WSJP202333	2023年 No.33	12	鵺の陰陽師	川江康太		323	連載		
WSJP202333	2023年 No.33	13	逃げ上手の若君	松井優征		343	連載		
WSJP202333	2023年 No.33	14	僕とロボコ	宮崎周平		363	連載		
WSJP202333	2023年 No.33	15	ブラッククローバー	田畠裕基		379	連載		
WSJP202333	2023年 No.33	16	暗号学園のいろは	岩崎優次	西尾維新	395	連載		
WSJP202333	2023年 No.33	17	夜桜さんちの大作戦	権平ひつじ		415	連載		
WSJP202333	2023年 No.33	18	アンデッドアンラック	戸塚慶文		435	連載		
WSJP202333	2023年 No.33	19	一ノ瀬家の大罪	タイザン5		455	連載		
WSJP202333	2023年 No.33	20	人造人間100	江ノ島だいすけ		475	連載		
WSJP202333	2023年 No.33	21	ドリトライ	雲母坂盾		495	連載		
WSJP202333	2023年 No.33	22	テンマクキネマ	佐伯俊	附田祐斗	515	連載		
WSJP202334	2023年 No.34	1	ONE PIECE	尾田栄一郎		3	連載	C	 
WSJP202334	2023年 No.34	2	SAKAMOTO DAYS	鈴木祐斗		49	連載		 
WSJP202334	2023年 No.34	3	ウィッチウォッチ	篠原健太		69	連載		 
WSJP202334	2023年 No.34	4	アオのハコ	三浦糀		95	連載	C	 
WSJP202334	2023年 No.34	5	アスミカケル	川田		117	連載		 
WSJP202334	2023年 No.34	6	僕とロボコ	宮崎周平		137	連載		 
WSJP202334	2023年 No.34	7	キルアオ	藤巻忠俊		153	連載		 
WSJP202334	2023年 No.34	8	アイスヘッドギル	蜂矢育生		173	連載		 
WSJP202334	2023年 No.34	9	殺陣ロール	小園江ナツキ		193	読み切り	C	 
WSJP202334	2023年 No.34	10	ブラッククローバー	田畠裕基		241	連載		 
WSJP202334	2023年 No.34	11	「ブラッククローバー」ミニキャラ4コマ劇場	田代弓也		254	読み切り		 目次に記載なし
WSJP202334	2023年 No.34	12	暗号学園のいろは	岩崎優次		267	連載	C	 
WSJP202334	2023年 No.34	13	夜桜さんちの大作戦	権平ひつじ		289	連載		 
WSJP202334	2023年 No.34	14	アンデッドアンラック	戸塚慶文		309	連載		 
WSJP202334	2023年 No.34	15	あかね噺	馬上鷹将		329	連載		 
WSJP202334	2023年 No.34	16	僕のヒーローアカデミア	堀越耕平		349	連載		 
WSJP202334	2023年 No.34	17	鵺の陰陽師	川江康太		365	連載		 
WSJP202334	2023年 No.34	18	逃げ上手の若君	松井優征		385	連載		 
WSJP202334	2023年 No.34	19	テンマクキネマ	佐伯俊		405	連載		 
WSJP202334	2023年 No.34	20	一ノ瀬家の大罪	タイザン5		429	連載		 
WSJP202334	2023年 No.34	21	人造人間100	江ノ島だいすけ		449	連載		 
WSJP202334	2023年 No.34	22	ドリトライ	雲母坂盾		469	連載		 
WSJP202335	2023年 No.35	1	SAKAMOTO DAYS	鈴木祐斗		3	連載	C	 
WSJP202335	2023年 No.35	2	アオのハコ	三浦糀		45	連載		 
WSJP202335	2023年 No.35	3	あかね噺	馬上鷹将		65	連載		 
WSJP202335	2023年 No.35	4	逃げ上手の若君	松井優征		87	連載	C	 
WSJP202335	2023年 No.35	5	アスミカケル	川田		109	連載		 
WSJP202335	2023年 No.35	6	呪術廻戦	芥見下々		131	連載		 
WSJP202335	2023年 No.35	7	忍CHAOTIC	平たくみ		153	読み切り	C	 
WSJP202335	2023年 No.35	8	鵺の陰陽師	川江康太		211	連載	C	 
WSJP202335	2023年 No.35	9	キルアオ	藤巻忠俊		233	連載		 
WSJP202335	2023年 No.35	10	夜桜さんちの大作戦	権平ひつじ		253	連載		 
WSJP202335	2023年 No.35	11	アンデッドアンラック	戸塚慶文		273	連載		 
WSJP202335	2023年 No.35	12	僕とロボコ	宮崎周平		293	連載		 
WSJP202335	2023年 No.35	13	ウィッチウォッチ	篠原健太		309	連載		 
WSJP202335	2023年 No.35	14	アイスヘッドギル	蜂矢育生		329	連載		 
WSJP202335	2023年 No.35	15	暗号学園のいろは	岩崎優次		351	連載		 
WSJP202335	2023年 No.35	16	NIN-JIN	畔川丞		371	読み切り		 目次に記載なし
WSJP202335	2023年 No.35	17	一ノ瀬家の大罪	タイザン5		383	連載		 
WSJP202335	2023年 No.35	18	テンマクキネマ	佐伯俊		405	連載		 
WSJP202335	2023年 No.35	19	ドリトライ	雲母坂盾		425	連載		 
WSJP202335	2023年 No.35	20	人造人間100	江ノ島だいすけ		445	連載		 
WSJP202336-37	2023年 No.36・37合併号	1	あかね噺	馬上鷹将		3	連載	C	 
WSJP202336-37	2023年 No.36・37合併号	2	SAKAMOTO DAYS	鈴木祐斗		51	連載		 
WSJP202336-37	2023年 No.36・37合併号	3	ONE PIECE	尾田栄一郎		73	連載		 
WSJP202336-37	2023年 No.36・37合併号	4	GOD ARMS	Boichi		93	読み切り		 
WSJP202336-37	2023年 No.36・37合併号	5	アオのハコ	三浦糀		147	連載		 
WSJP202336-37	2023年 No.36・37合併号	6	呪術廻戦	芥見下々		169	連載		 
WSJP202336-37	2023年 No.36・37合併号	7	アスミカケル	川田		207	連載	C	 
WSJP202336-37	2023年 No.36・37合併号	8	ウィッチウォッチ	篠原健太		229	連載		 
WSJP202336-37	2023年 No.36・37合併号	9	僕のヒーローアカデミア	堀越耕平		249	連載		 
WSJP202336-37	2023年 No.36・37合併号	10	キルアオ	藤巻忠俊		265	連載		 
WSJP202336-37	2023年 No.36・37合併号	11	逃げ上手の若君	松井優征		285	連載		 
WSJP202336-37	2023年 No.36・37合併号	12	夜桜さんちの大作戦	権平ひつじ		321	連載	C	 
WSJP202336-37	2023年 No.36・37合併号	13	鵺の陰陽師	川江康太		343	連載		 
WSJP202336-37	2023年 No.36・37合併号	14	アンデッドアンラック	戸塚慶文		365	連載		 
WSJP202336-37	2023年 No.36・37合併号	15	一ノ瀬家の大罪	タイザン5		387	連載		 
WSJP202336-37	2023年 No.36・37合併号	16	アイスヘッドギル	蜂矢育生		407	連載		 
WSJP202336-37	2023年 No.36・37合併号	17	テンマクキネマ	佐伯俊		429	連載		 
WSJP202336-37	2023年 No.36・37合併号	18	ブラッククローバー	田畠裕基		451	連載		 
WSJP202336-37	2023年 No.36・37合併号	19	「ブラッククローバー」ミニキャラ4コマ劇場	田代弓也		464	連載		 
WSJP202336-37	2023年 No.36・37合併号	20	僕とロボコ	宮崎周平		467	連載		 
WSJP202336-37	2023年 No.36・37合併号	21	暗号学園のいろは	岩崎優次		483	連載		 
WSJP202336-37	2023年 No.36・37合併号	22	人造人間100	江ノ島だいすけ		503	連載		 
WSJP202336-37	2023年 No.36・37合併号	23	ドリトライ	雲母坂盾		523	連載		 
WSJP202338	2023年 No.38	1	アオのハコ	三浦糀		3	連載	C	 
WSJP202338	2023年 No.38	2	ウィッチウォッチ	篠原健太		49	連載		 
WSJP202338	2023年 No.38	3	ONE PIECE	尾田栄一郎		69	連載		 
WSJP202338	2023年 No.38	4	キルアオ	藤巻忠俊		89	連載		 
WSJP202338	2023年 No.38	5	僕とロボコ	宮崎周平		109	連載	C	 
WSJP202338	2023年 No.38	6	SAKAMOTO DAYS	鈴木祐斗		133	連載		 
WSJP202338	2023年 No.38	7	呪術廻戦	芥見下々		155	連載		 
WSJP202338	2023年 No.38	8	アンデッドアンラック	戸塚慶文		175	連載	C	 
WSJP202338	2023年 No.38	9	あかね噺	馬上鷹将		197	連載		 
WSJP202338	2023年 No.38	10	僕のヒーローアカデミア	堀越耕平		217	連載		 
WSJP202338	2023年 No.38	11	アスミカケル	川田		233	連載		 
WSJP202338	2023年 No.38	12	ブラッククローバー	田畠裕基		255	連載		最終回 ジャンプGIGAへ移籍
WSJP202338	2023年 No.38	13	逃げ上手の若君	松井優征		289	連載		 
WSJP202338	2023年 No.38	14	夜桜さんちの大作戦	権平ひつじ		309	連載		 
WSJP202338	2023年 No.38	15	鵺の陰陽師	川江康太		331	連載		 
WSJP202338	2023年 No.38	16	暗号学園のいろは	岩崎優次		353	連載		 
WSJP202338	2023年 No.38	17	テンマクキネマ	佐伯俊		373	連載		 
WSJP202338	2023年 No.38	18	アイスヘッドギル	蜂矢育生		395	連載		 
WSJP202338	2023年 No.38	19	人造人間100	江ノ島だいすけ		417	連載		 
WSJP202338	2023年 No.38	20	ドリトライ	雲母坂盾		437	連載		 
WSJP202338	2023年 No.38	21	一ノ瀬家の大罪	タイザン5		457	連載		 
WSJP202339	2023年 No.39	1	キルアオ	藤巻忠俊		3	連載	C	 
WSJP202339	2023年 No.39	2	夜桜さんちの大作戦	権平ひつじ		45	連載		 
WSJP202339	2023年 No.39	3	僕のヒーローアカデミア	堀越耕平		65	連載		 
WSJP202339	2023年 No.39	4	アオのハコ	三浦糀		81	連載		 
WSJP202339	2023年 No.39	5	SAKAMOTO DAYS	鈴木祐斗		101	連載		 
WSJP202339	2023年 No.39	6	鵺の陰陽師	川江康太		121	連載	C	 
WSJP202339	2023年 No.39	7	ウィッチウォッチ	篠原健太		145	連載		 
WSJP202339	2023年 No.39	8	呪術廻戦	芥見下々		167	連載		 
WSJP202339	2023年 No.39	9	暗号学園のいろは	岩崎優次		187	連載	C	 
WSJP202339	2023年 No.39	10	あかね噺	馬上鷹将		209	連載		 
WSJP202339	2023年 No.39	11	逃げ上手の若君	松井優征		229	連載		 
WSJP202339	2023年 No.39	12	アスミカケル	川田		249	連載		 
WSJP202339	2023年 No.39	13	アンデッドアンラック	戸塚慶文		285	連載		 
WSJP202339	2023年 No.39	14	僕とロボコ	宮崎周平		305	連載		 
WSJP202339	2023年 No.39	15	一ノ瀬家の大罪	タイザン5		323	連載		 
WSJP202339	2023年 No.39	16	テンマクキネマ	佐伯俊		343	連載		 
WSJP202339	2023年 No.39	17	妹尾の頭部	伊原大貴		363	読み切り		 
WSJP202339	2023年 No.39	18	人造人間100	江ノ島だいすけ		381	連載		 
WSJP202339	2023年 No.39	19	ドリトライ	雲母坂盾		401	連載		 
WSJP202339	2023年 No.39	20	アイスヘッドギル	蜂矢育生		421	連載		 
WSJP202340	2023年 No.40	1	ONE PIECE	尾田栄一郎		4	連載	C	 
WSJP202340	2023年 No.40	2	僕とロボコ	宮崎周平		47	連載		 
WSJP202340	2023年 No.40	3	呪術廻戦	芥見下々		63	連載		 
WSJP202340	2023年 No.40	4	SAKAMOTO DAYS	鈴木祐斗		83	連載		 
WSJP202340	2023年 No.40	5	アオのハコ	三浦糀		103	連載		 
WSJP202340	2023年 No.40	6	あかね噺	馬上鷹将		125	連載	C	 
WSJP202340	2023年 No.40	7	アンデッドアンラック	戸塚慶文		149	連載		 
WSJP202340	2023年 No.40	8	キルアオ	藤巻忠俊		171	連載		 
WSJP202340	2023年 No.40	9	夜桜さんちの大作戦	権平ひつじ		191	連載	C	 
WSJP202340	2023年 No.40	10	ウィッチウォッチ	篠原健太		213	連載		 
WSJP202340	2023年 No.40	11	僕のヒーローアカデミア	堀越耕平		233	連載		 
WSJP202340	2023年 No.40	12	鵺の陰陽師	川江康太		249	連載		 
WSJP202340	2023年 No.40	13	逃げ上手の若君	松井優征		269	連載		 
WSJP202340	2023年 No.40	14	アスミカケル	川田		305	連載	C	 
WSJP202340	2023年 No.40	15	暗号学園のいろは	岩崎優次		327	連載		 
WSJP202340	2023年 No.40	16	一ノ瀬家の大罪	タイザン5		347	連載		 
WSJP202340	2023年 No.40	17	アイスヘッドギル	蜂矢育生		367	連載		 
WSJP202340	2023年 No.40	18	ハコイリお嬢とグータラ執事	武鴨樹		387	読み切り		 
WSJP202340	2023年 No.40	19	ドリトライ	雲母坂盾		403	連載		 
WSJP202340	2023年 No.40	20	テンマクキネマ	佐伯俊		423	連載		 
WSJP202340	2023年 No.40	21	人造人間100	江ノ島だいすけ		443	連載		最終回 
WSJP202341	2023年 No.41	1	魔々勇々	林快彦		3	連載	C	新連載 
WSJP202341	2023年 No.41	2	あかね噺	馬上鷹将		75	連載		 
WSJP202341	2023年 No.41	3	SAKAMOTO DAYS	鈴木祐斗		97	連載		 
WSJP202341	2023年 No.41	4	アオのハコ	三浦糀		119	連載	C	 
WSJP202341	2023年 No.41	5	ウィッチウォッチ	篠原健太		139	連載		 
WSJP202341	2023年 No.41	6	呪術廻戦	芥見下々		159	連載		 
WSJP202341	2023年 No.41	7	鵺の陰陽師	川江康太		179	連載		 
WSJP202341	2023年 No.41	8	逃げ上手の若君	松井優征		201	連載	C	 
WSJP202341	2023年 No.41	9	キルアオ	藤巻忠俊		225	連載		 
WSJP202341	2023年 No.41	10	アンデッドアンラック	戸塚慶文		245	連載		 
WSJP202341	2023年 No.41	11	僕とロボコ	宮崎周平		283	連載	C	 
WSJP202341	2023年 No.41	12	夜桜さんちの大作戦	権平ひつじ		301	連載		 
WSJP202341	2023年 No.41	13	アスミカケル	川田		321	連載		 
WSJP202341	2023年 No.41	14	暗号学園のいろは	岩崎優次		341	連載		 
WSJP202341	2023年 No.41	15	一ノ瀬家の大罪	タイザン5		361	連載		 
WSJP202341	2023年 No.41	16	アイスヘッドギル	蜂矢育生		381	連載		 
WSJP202341	2023年 No.41	17	ドリトライ	雲母坂盾		401	連載		 
WSJP202341	2023年 No.41	18	テンマクキネマ	佐伯俊		421	連載		最終回 
