年	号数	掲載順	タイトル	作者	原作者	頁	区分	カラー	備考
2022 	01	1 	SECOND BREAK!!	稲木智宏		3	連載	C	新連載
2022 	01	2 	カッコウの許嫁	吉河美希		75	連載		
2022 	01	3 	それでも歩は寄せてくる	山本崇一朗		95	連載		
2022 	01	4 	戦隊大失格	春場ねぎ		103	連載	C	
2022 	01	5 	ダイヤのA	寺嶋裕二		123	連載		
2022 	01	6 	はじめの一歩	森川ジョージ		143	連載		
2022 	01	7 	黒猫と兵士	蒼井万里		157	出張掲載		マガジンポケットより
2022 	01	8 	男子高校生を養いたいお姉さんの話	英貴		161	連載		
2022 	01	9 	炎炎ノ消防隊	大久保篤		169	連載		
2022 	01	10 	iコンタクト	月山可也	伊賀大晃	189	連載		
2022 	01	11 	東京卍リベンジャーズ	和久井健		209	連載		
2022 	01	12 	EDENS ZERO	真島ヒロ		229	連載		
2022 	01	13 	青のミブロ	安田剛士		249	連載		
2022 	01	14 	ブルーロック	ノ村優介	金城宗幸	269	連載		
2022 	01	15 	彼女、お借りします	宮島礼吏		289	連載		
2022 	01	16 	甘神さんちの縁結び	内藤マーシー		309	連載		
2022 	01	17 	シャングリラ・フロンティア	不二涼介	硬梨菜	329	連載		
2022 	01	18 	カノジョも彼女	ヒロユキ		347	連載		
2022 	01	19 	化物語	大暮維人	西尾維新	363	連載		
2022 	01	20 	賢者が仲間になった	アズ		391	連載		
2022 	01	21 	英戦のラブロック	シヒラ竜也		401	連載		
2022 	01	22 	黒岩メダカに私の可愛いが通じない	久世蘭		421	連載		
2022 	01	23 	黙示録の四騎士	鈴木央		435	連載		
2022 	01	24 	えるのわ！	スズモトコウ		455	連載		
2022 	01	25 	不滅のあなたへ	大今良時		469	連載		
2022 	02−03	1 	女神のカフェテラス	瀬尾公治		6	連載	C	新連載
2022 	02−03	2 	SECOND BREAK!!	稲木智宏		27	連載		
2022 	02−03	3 	それでも歩は寄せてくる	山本崇一朗		77	連載		
2022 	02−03	4 	シャングリラ・フロンティア	不二涼介	硬梨菜	85	連載		
2022 	02−03	5 	黙示録の四騎士	鈴木央		103	連載		
2022 	02−03	6 	化物語	大暮維人	西尾維新	123	連載		
2022 	02−03	7 	ダイヤのA	寺嶋裕二		145	連載		
2022 	02−03	8 	Gate of Nightmares	マツオカヨシノリ	スクエア・エニックス	165	出張掲載	C	マガジンポケットより
2022 	02−03	9 	EDENS ZERO	真島ヒロ		199	連載		
2022 	02−03	10 	カッコウの許嫁	吉河美希		219	連載		
2022 	02−03	11 	炎炎ノ消防隊	大久保篤		239	連載		
2022 	02−03	12 	ブルーロック	ノ村優介	金城宗幸	259	連載		
2022 	02−03	13 	東京卍リベンジャーズ	和久井健		279	連載		
2022 	02−03	14 	カノジョも彼女	ヒロユキ		299	連載		
2022 	02−03	15 	賢者が仲間になった	アズ		317	連載		
2022 	02−03	16 	青のミブロ	安田剛士		327	連載		
2022 	02−03	17 	甘神さんちの縁結び	内藤マーシー		347	連載		
2022 	02−03	18 	彼女、お借りします	宮島礼吏		367	連載		
2022 	02−03	19 	iコンタクト	月山可也	伊賀大晃	387	連載		
2022 	02−03	20 	戦隊大失格	春場ねぎ		407	連載		
2022 	02−03	21 	黒岩メダカに私の可愛いが通じない	久世蘭		425	連載		
2022 	02−03	22 	はじめの一歩	森川ジョージ		439	連載		
2022 	02−03	23 	山田さんは学びたい	大上明		451	読み切り		
2022 	02−03	24 	えるのわ！	スズモトコウ		457	連載		
2022 	02−03	25 	英戦のラブロック	シヒラ竜也		471	連載		
2022 	02−03	26 	男子高校生を養いたいお姉さんの話	英貴		491	連載		
2022 	02−03	27 	東京ネオスキャンダル	ガジタニ	MITA	501	出張掲載		マガジンポケットより
2022 	02−03	28 	信じていた仲間達にダンジョン奥地で殺されかけたがギフト『無限ガチャ』でレベル9999の仲間達を手に入れて元パーティーメンバーと世界に復讐＆『ざまぁ！』します！	大前貴史	明鏡シスイ	561	出張掲載		マガジンポケットより
2022 	02−03	29 	不遇職【鑑定士】が実は最強だった～奈落で鍛えた最強の【神眼】で無双する～	藤モロホシ	茨木野	595	出張掲載		マガジンポケットより
2022 	02−03	30 	冰剣の魔術師が世界を統べる〜世界最強の魔術師である少年は、魔術学院に入学する〜	佐々木宣人	御子柴奈々	605	出張掲載		マガジンポケットより
2022 	04−05	1 	東京卍リベンジャーズ	和久井健		4	連載	C	
2022 	04−05	2 	彼女、お借りします	宮島礼吏		27	連載		
2022 	04−05	3 	SECOND BREAK!!	稲木智宏		47	連載		
2022 	04−05	4 	女神のカフェテラス	瀬尾公治		85	連載		
2022 	04−05	5 	はじめの一歩	森川ジョージ		103	連載		
2022 	04−05	6 	化物語	大暮維人	西尾維新	121	連載		
2022 	04−05	7 	ダイヤのA	寺嶋裕二		143	連載		
2022 	04−05	8 	カノジョも彼女	ヒロユキ		167	連載		
2022 	04−05	9 	ブルーロック	ノ村優介	金城宗幸	181	連載		
2022 	04−05	10 	甘神さんちの縁結び	内藤マーシー		201	連載		
2022 	04−05	11 	EDENS ZERO	真島ヒロ		221	連載		
2022 	04−05	12 	カッコウの許嫁	吉河美希		241	連載		
2022 	04−05	13 	炎炎ノ消防隊	大久保篤		261	連載		
2022 	04−05	14 	黒岩メダカに私の可愛いが通じない	久世蘭		281	連載		
2022 	04−05	15 	青のミブロ	安田剛士		295	連載		
2022 	04−05	16 	iコンタクト	月山可也	伊賀大晃	315	連載		
2022 	04−05	17 	英戦のラブロック	シヒラ竜也		335	連載		
2022 	04−05	18 	黙示録の四騎士	鈴木央		359	連載		
2022 	04−05	19 	えるのわ！	スズモトコウ		379	連載		
2022 	04−05	20 	戦隊大失格	春場ねぎ		401	連載		
2022 	04−05	21 	賢者が仲間になった	アズ		419	連載		
2022 	04−05	22 	男子高校生を養いたいお姉さんの話	英貴		429	連載		
2022 	04−05	23 	不滅のあなたへ	大今良時		437	連載		
2022 	04−05	24 	蒼く染めろ	桜井ミヤト		453	出張掲載	C	マガジンポケットより
2022 	04−05	25 	劣等人の魔剣使い　スキルボードを駆使して最強に至る	かのう寛人	萩鵜アキ	567	出張掲載	C	マガジンポケットより
2022 	04−05	26 	地獄の業火で焼かれ続けた少年。最強の炎使いとなって復活する。	宮城森成 	さとう	599	出張掲載	C	マガジンポケットより
2022 	04−05	27 	捨てられた転生賢者～魔物の森で最強の大魔帝国を作り上げる～	クリカラマル	未来人A	647	出張掲載	C	マガジンポケットより
2022 	06	1 	iコンタクト	月山可也	伊賀大晃	4	連載	C	
2022 	06	2 	黒岩メダカに私の可愛いが通じない	久世蘭		29	連載		
2022 	06	3 	炎炎ノ消防隊	大久保篤		43	連載		
2022 	06	4 	それでも歩は寄せてくる	山本崇一朗		63	連載		
2022 	06	5 	ダイヤのA	寺嶋裕二		73	連載		
2022 	06	6 	戦隊大失格	春場ねぎ		93	連載		
2022 	06	7 	男子高校生を養いたいお姉さんの話	英貴		111	連載		
2022 	06	8 	はじめの一歩	森川ジョージ		119	連載		
2022 	06	9 	きみとピコピコ	ゆずチリ		133	出張掲載		マガジンポケットより
2022 	06	10 	彼女、お借りします	宮島礼吏		137	連載		
2022 	06	11 	青のミブロ	安田剛士		163	連載		
2022 	06	12 	SECOND BREAK!!	稲木智宏		183	連載		
2022 	06	13 	EDENS ZERO	真島ヒロ		207	連載		
2022 	06	14 	女神のカフェテラス	瀬尾公治		227	連載		
2022 	06	15 	東京卍リベンジャーズ	和久井健		245	連載		
2022 	06	16 	カッコウの許嫁	吉河美希		265	連載		
2022 	06	17 	ブルーロック	ノ村優介	金城宗幸	285	連載		
2022 	06	18 	甘神さんちの縁結び	内藤マーシー		305	連載		
2022 	06	19 	英戦のラブロック	シヒラ竜也		325	連載		
2022 	06	20 	シャングリラ・フロンティア	不二涼介	硬梨菜	345	連載		
2022 	06	21 	カノジョも彼女	ヒロユキ		363	連載		
2022 	06	22 	黙示録の四騎士	鈴木央		377	連載		
2022 	06	23 	えるのわ！	スズモトコウ		397	連載		
2022 	06	24 	不滅のあなたへ	大今良時		411	連載		
2022 	06	25 	賢者が仲間になった	アズ		423	連載		
2022 	06	26 	劣等人の魔剣使い　スキルボードを駆使して最強に至る	かのう寛人	萩鵜アキ	438	出張掲載		マガジンポケットより
2022 	06	27 	地獄の業火で焼かれ続けた少年。最強の炎使いとなって復活する。	宮城森成 	さとう	453	出張掲載		マガジンポケットより
2022 	06	28 	捨てられた転生賢者～魔物の森で最強の大魔帝国を作り上げる～	クリカラマル	未来人A	463	出張掲載		マガジンポケットより
2022 	07	1 	化物語	大暮維人	西尾維新	5	連載	C	
2022 	07	2 	ダイヤのA	寺嶋裕二		31	連載		
2022 	07	3 	黙示録の四騎士	鈴木央		51	連載		
2022 	07	4 	可愛いだけじゃない式守さん	真木蛍五		73	出張掲載	C	マガジンポケットより
2022 	07	5 	東京卍リベンジャーズ	和久井健		91	連載		
2022 	07	6 	カノジョも彼女	ヒロユキ		111	連載		
2022 	07	7 	EDENS ZERO	真島ヒロ		125	連載		
2022 	07	8 	シャングリラ・フロンティア	不二涼介	硬梨菜	145	連載		
2022 	07	9 	ブルーロック	ノ村優介	金城宗幸	163	連載		
2022 	07	10 	甘神さんちの縁結び	内藤マーシー		183	連載		
2022 	07	11 	えるのわ！	スズモトコウ		203	連載	C	
2022 	07	12 	青のミブロ	安田剛士		219	連載		
2022 	07	13 	女神のカフェテラス	瀬尾公治		243	連載		
2022 	07	14 	SECOND BREAK!!	稲木智宏		261	連載		
2022 	07	15 	iコンタクト	月山可也	伊賀大晃	281	連載		
2022 	07	16 	カッコウの許嫁	吉河美希		301	連載		
2022 	07	17 	黒岩メダカに私の可愛いが通じない	久世蘭		321	連載		
2022 	07	18 	炎炎ノ消防隊	大久保篤		335	連載		
2022 	07	19 	それでも歩は寄せてくる	山本崇一朗		355	連載		
2022 	07	20 	彼女、お借りします	宮島礼吏		365	連載		
2022 	07	21 	英戦のラブロック	シヒラ竜也		385	連載		最終回
2022 	07	22 	戦隊大失格	春場ねぎ		405	連載		
2022 	07	23 	賢者が仲間になった	アズ		423	連載		
2022 	07	24 	不滅のあなたへ	大今良時		433	連載		
2022 	07	25 	男子高校生を養いたいお姉さんの話	英貴		445	連載		
2022 	07	26 	劣等人の魔剣使い　スキルボードを駆使して最強に至る	かのう寛人	萩鵜アキ	459	出張掲載		マガジンポケットより
2022 	07	27 	地獄の業火で焼かれ続けた少年。最強の炎使いとなって復活する。	宮城森成 	さとう	477	出張掲載		マガジンポケットより
2022 	07	28 	捨てられた転生賢者～魔物の森で最強の大魔帝国を作り上げる～	クリカラマル	未来人A	483	出張掲載		マガジンポケットより
2022 	08	1 	シャングリラ・フロンティア	不二涼介	硬梨菜	3	連載	C	
2022 	08	2 	炎炎ノ消防隊	大久保篤		23	連載		
2022 	08	3 	甘神さんちの縁結び	内藤マーシー		43	連載		
2022 	08	4 	ブルーロック	ノ村優介	金城宗幸	63	連載		
2022 	08	5 	女神のカフェテラス	瀬尾公治		83	連載		
2022 	08	6 	それでも歩は寄せてくる	山本崇一朗		101	連載	C	
2022 	08	7 	ダイヤのA	寺嶋裕二		111	連載		
2022 	08	8 	戦隊大失格	春場ねぎ		131	連載		
2022 	08	9 	はじめの一歩	森川ジョージ		149	連載		
2022 	08	10 	カッコウの許嫁	吉河美希		167	連載		
2022 	08	11 	東京卍リベンジャーズ	和久井健		193	連載		
2022 	08	12 	彼女、お借りします	宮島礼吏		213	連載		
2022 	08	13 	SECOND BREAK!!	稲木智宏		233	連載		
2022 	08	14 	EDENS ZERO	真島ヒロ		263	連載		
2022 	08	15 	iコンタクト	月山可也	伊賀大晃	273	連載		
2022 	08	16 	黒岩メダカに私の可愛いが通じない	久世蘭		297	連載	C	
2022 	08	17 	青のミブロ	安田剛士		315	連載		
2022 	08	18 	カノジョも彼女	ヒロユキ		335	連載		
2022 	08	19 	えるのわ！	スズモトコウ		349	連載		
2022 	08	20 	化物語	大暮維人	西尾維新	363	連載		
2022 	08	21 	賢者が仲間になった	アズ		385	連載		
2022 	08	22 	黙示録の四騎士	鈴木央		395	連載		
2022 	08	23 	男子高校生を養いたいお姉さんの話	英貴		415	連載		
2022 	08	24 	コンサルナイン～小夜子の逆転プロデュース～	音羽さおり		425	出張掲載	C	マガジンポケットより
2022 	09	1 	甘神さんちの縁結び	内藤マーシー		3	連載	C	
2022 	09	2 	ブルーロック	ノ村優介	金城宗幸	29	連載		
2022 	09	3 	カッコウの許嫁	吉河美希		49	連載		
2022 	09	4 	戦隊大失格	春場ねぎ		69	連載		
2022 	09	5 	黒岩メダカに私の可愛いが通じない	久世蘭		89	連載		
2022 	09	6 	東京卍リベンジャーズ	和久井健		103	連載		
2022 	09	7 	彼女、お借りします	宮島礼吏		125	連載		
2022 	09	8 	化物語	大暮維人	西尾維新	147	連載		
2022 	09	9 	ダイヤのA	寺嶋裕二		169	連載		
2022 	09	10 	不滅のあなたへ	大今良時		189	連載		
2022 	09	11 	はじめの一歩	森川ジョージ		201	連載		
2022 	09	12 	ドシャブリ花火	大熊サイヤ		215	読み切り		
2022 	09	13 	えるのわ！	スズモトコウ		219	連載		
2022 	09	14 	SECOND BREAK!!	稲木智宏		233	連載	C	
2022 	09	15 	EDENS ZERO	真島ヒロ		255	連載		
2022 	09	16 	シャングリラ・フロンティア	不二涼介	硬梨菜	275	連載		
2022 	09	17 	炎炎ノ消防隊	大久保篤		293	連載		
2022 	09	18 	女神のカフェテラス	瀬尾公治		313	連載		
2022 	09	19 	青のミブロ	安田剛士		331	連載		
2022 	09	20 	それでも歩は寄せてくる	山本崇一朗		351	連載		
2022 	09	21 	iコンタクト	月山可也	伊賀大晃	359	連載		
2022 	09	22 	黙示録の四騎士	鈴木央		379	連載		
2022 	09	23 	男子高校生を養いたいお姉さんの話	英貴		399	連載		
2022 	10	1 	黙示録の四騎士	鈴木央		4	連載	C	
2022 	10	2 	化物語	大暮維人	西尾維新	27	連載		
2022 	10	3 	ダイヤのA	寺嶋裕二		49	連載		
2022 	10	4 	カッコウの許嫁	吉河美希		71	連載		
2022 	10	5 	東京卍リベンジャーズ	和久井健		91	連載		
2022 	10	6 	カノジョも彼女	ヒロユキ		111	連載		
2022 	10	7 	炎炎ノ消防隊	大久保篤		125	連載		
2022 	10	8 	EDENS ZERO	真島ヒロ		145	連載		
2022 	10	9 	甘神さんちの縁結び	内藤マーシー		165	連載		
2022 	10	10 	黒岩メダカに私の可愛いが通じない	久世蘭		185	連載		
2022 	10	11 	はじめの一歩	森川ジョージ		199	連載	C	
2022 	10	12 	ふれない彼女	槙田ナル		213	読み切り		
2022 	10	13 	戦隊大失格	春場ねぎ		219	連載		
2022 	10	14 	ブルーロック	ノ村優介	金城宗幸	237	連載		
2022 	10	15 	それでも歩は寄せてくる	山本崇一朗		257	連載		
2022 	10	16 	シャングリラ・フロンティア	不二涼介	硬梨菜	265	連載		
2022 	10	17 	女神のカフェテラス	瀬尾公治		283	連載		
2022 	10	18 	青のミブロ	安田剛士		301	連載		
2022 	10	19 	SECOND BREAK!!	稲木智宏		321	連載		
2022 	10	20 	iコンタクト	月山可也	伊賀大晃	343	連載		
2022 	10	21 	えるのわ！	スズモトコウ		363	連載		
2022 	10	22 	不滅のあなたへ	大今良時		377	連載		
2022 	10	23 	ながれぼし	力久望		385	読み切り		
2022 	10	24 	男子高校生を養いたいお姉さんの話	英貴		389	連載		
2022 	11	1 	EDENS ZERO	真島ヒロ		3	連載	C	
2022 	11	2 	ブルーロック	ノ村優介	金城宗幸	27	連載		
2022 	11	3 	シャングリラ・フロンティア	不二涼介	硬梨菜	47	連載		
2022 	11	4 	女神のカフェテラス	瀬尾公治		65	連載		
2022 	11	5 	iコンタクト	月山可也	伊賀大晃	83	連載		
2022 	11	6 	ダイヤのA	寺嶋裕二		103	連載		
2022 	11	7 	化物語	大暮維人	西尾維新	123	連載		
2022 	11	8 	彼女、お借りします	宮島礼吏		145	連載		
2022 	11	9 	青のミブロ	安田剛士		167	連載	C	
2022 	11	10 	SECOND BREAK!!	稲木智宏		189	連載		
2022 	11	11 	カノジョも彼女	ヒロユキ		209	連載		
2022 	11	12 	東京卍リベンジャーズ	和久井健		225	連載		
2022 	11	13 	炎炎ノ消防隊	大久保篤		245	連載		
2022 	11	14 	黒岩メダカに私の可愛いが通じない	久世蘭		265	連載		
2022 	11	15 	戦隊大失格	春場ねぎ		279	連載		
2022 	11	16 	カッコウの許嫁	吉河美希		297	連載		
2022 	11	17 	それでも歩は寄せてくる	山本崇一朗		317	連載		
2022 	11	18 	甘神さんちの縁結び	内藤マーシー		327	連載		
2022 	11	19 	えるのわ！	スズモトコウ		347	連載		
2022 	11	20 	はじめの一歩	森川ジョージ		361	連載		
2022 	11	21 	ウチの担任	辻村治		373	読み切り		
2022 	11	22 	黙示録の四騎士	鈴木央		379	連載		
2022 	11	23 	不滅のあなたへ	大今良時		399	連載		
2022 	11	24 	愛・鈍・悩	亘和樹		407	読み切り		
2022 	11	25 	男子高校生を養いたいお姉さんの話	英貴		411	連載		
2022 	11	26 	東大リベンジャーズ	船津紳平		423	出張掲載	C	
2022 	11	27 	隣の黒木さんは飲むとヤバイ	きつねこ		443	出張掲載		
2022 	12	1 	ガチアクタ	裏那圭		3	連載	C	新連載
2022 	12	2 	女神のカフェテラス	瀬尾公治		77	連載		
2022 	12	3 	それでも歩は寄せてくる	山本崇一朗		95	連載		
2022 	12	4 	戦隊大失格	春場ねぎ		103	連載	C	
2022 	12	5 	化物語	大暮維人	西尾維新	123	連載		
2022 	12	6 	ダイヤのA	寺嶋裕二		145	連載		
2022 	12	7 	炎炎ノ消防隊	大久保篤		165	連載		
2022 	12	8 	カノジョも彼女	ヒロユキ		185	連載		
2022 	12	9 	青のミブロ	安田剛士		201	連載	C	
2022 	12	10 	EDENS ZERO	真島ヒロ		223	連載		
2022 	12	11 	カッコウの許嫁	吉河美希		243	連載		
2022 	12	12 	黒岩メダカに私の可愛いが通じない	久世蘭		263	連載		
2022 	12	13 	東京卍リベンジャーズ	和久井健		277	連載		
2022 	12	14 	シャングリラ・フロンティア	不二涼介	硬梨菜	297	連載		
2022 	12	15 	彼女、お借りします	宮島礼吏		315	連載		
2022 	12	16 	SECOND BREAK!!	稲木智宏		337	連載		
2022 	12	17 	甘神さんちの縁結び	内藤マーシー		357	連載		
2022 	12	18 	はじめの一歩	森川ジョージ		377	連載		
2022 	12	19 	iコンタクト	月山可也	伊賀大晃	395	連載		
2022 	12	20 	えるのわ！	スズモトコウ		415	連載		
2022 	12	21 	男子高校生を養いたいお姉さんの話	英貴		429	連載		
2022 	12	22 	五輪の女神さま	木南ユカ		439	出張掲載	C	
2022 	13	1 	炎炎ノ消防隊	大久保篤		3	連載	C	最終回
2022 	13	2 	ガチアクタ	裏那圭		35	連載		
2022 	13	3 	黙示録の四騎士	鈴木央		77	連載		
2022 	13	4 	戦隊大失格	春場ねぎ		97	連載		
2022 	13	5 	東京卍リベンジャーズ	和久井健		115	連載		
2022 	13	6 	シャングリラ・フロンティア	不二涼介	硬梨菜	135	連載		
2022 	13	7 	甘神さんちの縁結び	内藤マーシー		153	連載		
2022 	13	8 	女神のカフェテラス	瀬尾公治		173	連載		
2022 	13	9 	EDENS ZERO	真島ヒロ		181	連載		
2022 	13	10 	ブルーロック	ノ村優介	金城宗幸	211	連載		
2022 	13	11 	青のミブロ	安田剛士		231	連載		
2022 	13	12 	カノジョも彼女	ヒロユキ		251	連載		
2022 	13	13 	彼女、お借りします	宮島礼吏		265	連載		
2022 	13	14 	黒岩メダカに私の可愛いが通じない	久世蘭		285	連載		
2022 	13	15 	SECOND BREAK!!	稲木智宏		301	連載		
2022 	13	16 	それでも歩は寄せてくる	山本崇一朗		321	連載		
2022 	13	17 	iコンタクト	月山可也	伊賀大晃	329	連載		
2022 	13	18 	えるのわ！	スズモトコウ		349	連載		
2022 	13	19 	はじめの一歩	森川ジョージ		365	連載		
2022 	13	20 	化物語	大暮維人	西尾維新	383	連載		
2022 	13	21 	不滅のあなたへ	大今良時		405	連載		
2022 	13	22 	男子高校生を養いたいお姉さんの話	英貴		417	連載		
2022 	14	1 	カッコウの許嫁	吉河美希		4	連載	C	
2022 	14	2 	東京卍リベンジャーズ	和久井健		27	連載		
2022 	14	3 	彼女、お借りします	宮島礼吏		47	連載		
2022 	14	4 	カノジョも彼女	ヒロユキ		71	連載	C	
2022 	14	5 	ガチアクタ	裏那圭		89	連載		
2022 	14	6 	ダイヤのA	寺嶋裕二		137	連載		
2022 	14	7 	化物語	大暮維人	西尾維新	159	連載		
2022 	14	8 	黙示録の四騎士	鈴木央		181	連載		
2022 	14	9 	甘神さんちの縁結び	内藤マーシー		201	連載		
2022 	14	10 	シャングリラ・フロンティア	不二涼介	硬梨菜	221	連載		
2022 	14	11 	ブルーロック	ノ村優介	金城宗幸	239	連載		
2022 	14	12 	それでも歩は寄せてくる	山本崇一朗		259	連載		
2022 	14	13 	EDENS ZERO	真島ヒロ		267	連載		
2022 	14	14 	青のミブロ	安田剛士		287	連載		
2022 	14	15 	SECOND BREAK!!	稲木智宏		307	連載		
2022 	14	16 	女神のカフェテラス	瀬尾公治		327	連載		
2022 	14	17 	iコンタクト	月山可也	伊賀大晃	345	連載		
2022 	14	18 	えるのわ！	スズモトコウ		365	連載		
2022 	14	19 	不滅のあなたへ	大今良時		379	連載		
2022 	14	20 	男子高校生を養いたいお姉さんの話	英貴		391	連載		
2022 	15	1 	彼女、お借りします	宮島礼吏		4	連載	C	
2022 	15	2 	ブルーロック	ノ村優介	金城宗幸	31	連載		
2022 	15	3 	シャングリラ・フロンティア	不二涼介	硬梨菜	51	連載		
2022 	15	4 	男子高校生を養いたいお姉さんの話	英貴		71	連載	C	
2022 	15	5 	はじめの一歩	森川ジョージ		81	連載		
2022 	15	6 	ダイヤのA	寺嶋裕二		99	連載		
2022 	15	7 	戦隊大失格	春場ねぎ		119	連載		
2022 	15	8 	ガチアクタ	裏那圭		137	連載		
2022 	15	9 	EDENS ZERO	真島ヒロ		163	連載		
2022 	15	10 	それでも歩は寄せてくる	山本崇一朗		183	連載		
2022 	15	11 	カッコウの許嫁	吉河美希		191	連載		
2022 	15	12 	黒岩メダカに私の可愛いが通じない	久世蘭		211	連載		
2022 	15	13 	東京卍リベンジャーズ	和久井健		225	連載		
2022 	15	14 	青のミブロ	安田剛士		245	連載		
2022 	15	15 	女神のカフェテラス	瀬尾公治		265	連載		
2022 	15	16 	SECOND BREAK!!	稲木智宏		283	連載		
2022 	15	17 	甘神さんちの縁結び	内藤マーシー		303	連載		
2022 	15	18 	iコンタクト	月山可也	伊賀大晃	323	連載		
2022 	15	19 	黙示録の四騎士	鈴木央		345	連載		
2022 	15	20 	カノジョも彼女	ヒロユキ		365	連載		
2022 	15	21 	えるのわ！	スズモトコウ		379	連載		
2022 	15	22 	不滅のあなたへ	大今良時		393	連載		
2022 	15	23 	薫る花は凜と咲く	三薫見サカ		408	出張掲載	C	
2022 	16	1 	女神のカフェテラス	瀬尾公治		4	連載	C	
2022 	16	2 	東京卍リベンジャーズ	和久井健		25	連載		
2022 	16	3 	シャングリラ・フロンティア	不二涼介	硬梨菜	45	連載		
2022 	16	4 	それでも歩は寄せてくる	山本崇一朗		63	連載		
2022 	16	5 	黙示録の四騎士	鈴木央		71	連載		
2022 	16	6 	ダイヤのA	寺嶋裕二		95	連載		
2022 	16	7 	はじめの一歩	森川ジョージ		117	連載		
2022 	16	8 	宇宙くんと星子ちゃん	笹古みこと		127	読み切り		
2022 	16	9 	SECOND BREAK!!	稲木智宏		135	連載	C	
2022 	16	10 	ガチアクタ	裏那圭		161	連載		
2022 	16	11 	EDENS ZERO	真島ヒロ		181	連載		
2022 	16	12 	カッコウの許嫁	吉河美希		201	連載		
2022 	16	13 	青のミブロ	安田剛士		221	連載		
2022 	16	14 	甘神さんちの縁結び	内藤マーシー		241	連載		
2022 	16	15 	カノジョも彼女	ヒロユキ		261	連載		
2022 	16	16 	黒岩メダカに私の可愛いが通じない	久世蘭		275	連載		
2022 	16	17 	彼女、お借りします	宮島礼吏		289	連載		
2022 	16	18 	ブルーロック	ノ村優介	金城宗幸	309	連載		
2022 	16	19 	iコンタクト	月山可也	伊賀大晃	329	連載		
2022 	16	20 	えるのわ！	スズモトコウ		349	連載		
2022 	16	21 	戦隊大失格	春場ねぎ		363	連載		
2022 	16	22 	不滅のあなたへ	大今良時		381	連載		
2022 	16	23 	闇医者 長谷部	三上裕		389	読み切り		
2022 	16	24 	男子高校生を養いたいお姉さんの話	英貴		393	連載		
2022 	17	1 	東京卍リベンジャーズ	和久井健		4	連載	C	
2022 	17	2 	シャングリラ・フロンティア	不二涼介	硬梨菜	27	連載		
2022 	17	3 	女神のカフェテラス	瀬尾公治		45	連載		
2022 	17	4 	それでも歩は寄せてくる	山本崇一朗		63	連載		
2022 	17	5 	黙示録の四騎士	鈴木央		71	連載	C	
2022 	17	6 	化物語	大暮維人	西尾維新	93	連載		
2022 	17	7 	ダイヤのA	寺嶋裕二		117	連載		
2022 	17	8 	青のミブロ	安田剛士		137	連載	C	
2022 	17	9 	ガチアクタ	裏那圭		161	連載		
2022 	17	10 	EDENS ZERO	真島ヒロ		181	連載		
2022 	17	11 	SECOND BREAK!!	稲木智宏		201	連載		
2022 	17	12 	黒岩メダカに私の可愛いが通じない	久世蘭		221	連載		
2022 	17	13 	カッコウの許嫁	吉河美希		235	連載		
2022 	17	14 	カノジョも彼女	ヒロユキ		257	連載		
2022 	17	15 	iコンタクト	月山可也	伊賀大晃	271	連載		
2022 	17	16 	ブルーロック	ノ村優介	金城宗幸	291	連載		
2022 	17	17 	彼女、お借りします	宮島礼吏		311	連載		
2022 	17	18 	えるのわ！	スズモトコウ		331	連載		
2022 	17	19 	甘神さんちの縁結び	内藤マーシー		345	連載		
2022 	17	20 	はじめの一歩	森川ジョージ		365	連載		
2022 	17	21 	戦隊大失格	春場ねぎ		383	連載		
2022 	17	22 	不滅のあなたへ	大今良時		403	連載		
2022 	17	23 	東京ネオスキャンダル	がしたに	MITA	409	出張掲載		
2022 	17	24 	男子高校生を養いたいお姉さんの話	英貴		415	連載		
2022 	18	1 	シャングリラ・フロンティア	不二涼介	硬梨菜	3	連載	C	
2022 	18	2 	カッコウの許嫁	吉河美希		27	連載		
2022 	18	3 	EDENS ZERO	真島ヒロ		47	連載		
2022 	18	4 	男子高校生を養いたいお姉さんの話	英貴		72	連載	C	最終回
2022 	18	5 	化物語	大暮維人	西尾維新	81	連載		
2022 	18	6 	カノジョも彼女	ヒロユキ		103	連載		
2022 	18	7 	ダイヤのA	寺嶋裕二		117	連載		
2022 	18	8 	黒岩メダカに私の可愛いが通じない	久世蘭		137	連載	C	
2022 	18	9 	女神のカフェテラス	瀬尾公治		153	連載		
2022 	18	10 	青のミブロ	安田剛士		171	連載		
2022 	18	11 	iコンタクト	月山可也	伊賀大晃	191	連載		
2022 	18	12 	ガチアクタ	裏那圭		211	連載		
2022 	18	13 	彼女、お借りします	宮島礼吏		235	連載		
2022 	18	14 	ブルーロック	ノ村優介	金城宗幸	255	連載		
2022 	18	15 	東大リベンジャーズ	船津紳平		275	出張掲載		
2022 	18	16 	SECOND BREAK!!	稲木智宏		295	連載		
2022 	18	17 	はじめの一歩	森川ジョージ		315	連載		
2022 	18	18 	えるのわ！	スズモトコウ		333	連載		
2022 	18	19 	不滅のあなたへ	大今良時		347	連載		
2022 	18	20 	黙示録の四騎士	鈴木央		359	連載		
2022 	18	21 	それでも歩は寄せてくる	山本崇一朗		379	連載		
2022 	18	22 	戦隊大失格	春場ねぎ		387	連載		
2022 	19	1 	ブルーロック	ノ村優介	金城宗幸	4	連載	C	
2022 	19	2 	女神のカフェテラス	瀬尾公治		27	連載		
2022 	19	3 	EDENS ZERO	真島ヒロ		45	連載		
2022 	19	4 	東京卍リベンジャーズ	和久井健		65	連載		
2022 	19	5 	シャングリラ・フロンティア	不二涼介	硬梨菜	85	連載		
2022 	19	6 	可愛いだけじゃない式守さん	真木蛍五		103	出張掲載		
2022 	19	7 	ダイヤのA	寺嶋裕二		137	連載		
2022 	19	8 	不滅のあなたへ	大今良時		157	連載		
2022 	19	9 	カッコウの許嫁	吉河美希		169	連載	C	
2022 	19	10 	ガチアクタ	裏那圭		191	連載		
2022 	19	11 	彼女、お借りします	宮島礼吏		211	連載		
2022 	19	12 	青のミブロ	安田剛士		231	連載		
2022 	19	13 	甘神さんちの縁結び	内藤マーシー		251	連載		
2022 	19	14 	それでも歩は寄せてくる	山本崇一朗		271	連載		
2022 	19	15 	SECOND BREAK!!	稲木智宏		279	連載		
2022 	19	16 	黒岩メダカに私の可愛いが通じない	久世蘭		299	連載		
2022 	19	17 	iコンタクト	月山可也	伊賀大晃	313	連載		
2022 	19	18 	えるのわ！	スズモトコウ		333	連載		
2022 	19	19 	はじめの一歩	森川ジョージ		347	連載		
2022 	19	20 	化物語	大暮維人	西尾維新	365	連載		
2022 	19	21 	黙示録の四騎士	鈴木央		387	連載		
2022 	19	22 	姫騎士は蛮族の嫁	コトバノリアキ		409	出張掲載	C	
2022 	20	1 	カッコウの許嫁	吉河美希		5	連載	C	
2022 	20	2 	東京卍リベンジャーズ	和久井健		31	連載		
2022 	20	3 	彼女、お借りします	宮島礼吏		51	連載		
2022 	20	4 	シャングリラ・フロンティア	不二涼介	硬梨菜	71	連載		
2022 	20	5 	女神のカフェテラス	瀬尾公治		89	連載		
2022 	20	6 	青のミブロ	安田剛士		107	連載	C	
2022 	20	7 	それでも歩は寄せてくる	山本崇一朗		129	連載		
2022 	20	8 	ガチアクタ	裏那圭		139	連載		
2022 	20	9 	黒岩メダカに私の可愛いが通じない	久世蘭		159	連載		
2022 	20	10 	恋愛弱者でもアプリで恋がしたいのだ。	福地カミオ		173	読み切り	C	
2022 	20	11 	iコンタクト	月山可也	伊賀大晃	225	連載		
2022 	20	12 	EDENS ZERO	真島ヒロ		245	連載		
2022 	20	13 	SECOND BREAK!!	稲木智宏		265	連載		
2022 	20	14 	カノジョも彼女	ヒロユキ		285	連載		
2022 	20	15 	甘神さんちの縁結び	内藤マーシー		299	連載		
2022 	20	16 	化物語	大暮維人	西尾維新	319	連載		
2022 	20	17 	えるのわ！	スズモトコウ		341	連載		
2022 	20	18 	戦隊大失格	春場ねぎ		355	連載		
2022 	20	19 	黙示録の四騎士	鈴木央		373	連載		
2022 	20	20 	はじめの一歩	森川ジョージ		393	連載		
2022 	21	1 	きみが女神ならいいのに	柏木香乃		3	連載	C	新連載
2022 	21	2 	青のミブロ	安田剛士		67	連載		
2022 	21	3 	カノジョも彼女	ヒロユキ		87	連載		
2022 	21	4 	シャングリラ・フロンティア	不二涼介	硬梨菜	103	連載	C	
2022 	21	5 	甘神さんちの縁結び	内藤マーシー		129	連載		
2022 	21	6 	ダイヤのA	寺嶋裕二		149	連載		
2022 	21	7 	それでも歩は寄せてくる	山本崇一朗		169	連載	C	
2022 	21	8 	ガチアクタ	裏那圭		189	連載		
2022 	21	9 	EDENS ZERO	真島ヒロ		209	連載		
2022 	21	10 	東京卍リベンジャーズ	和久井健		229	連載		
2022 	21	11 	女神のカフェテラス	瀬尾公治		249	連載		
2022 	21	12 	カッコウの許嫁	吉河美希		267	連載	C	
2022 	21	13 	彼女、お借りします	宮島礼吏		289	連載		
2022 	21	14 	SECOND BREAK!!	稲木智宏		309	連載		
2022 	21	15 	黒岩メダカに私の可愛いが通じない	久世蘭		329	連載		
2022 	21	16 	iコンタクト	月山可也	伊賀大晃	343	連載		
2022 	21	17 	戦隊大失格	春場ねぎ		365	連載		
2022 	21	18 	ブルーロック	ノ村優介	金城宗幸	385	連載		
2022 	21	19 	黙示録の四騎士	鈴木央		405	連載		
2022 	21	20 	えるのわ！	スズモトコウ		425	連載		
2022 	21	21 	不滅のあなたへ	大今良時		439	連載		
2022 	22-23	1 	東京卍リベンジャーズ	和久井健		4	連載	C	
2022 	22-23	2 	彼女、お借りします	宮島礼吏		27	連載		
2022 	22-23	3 	ブルーロック	ノ村優介	金城宗幸	47	連載		
2022 	22-23	4 	カノジョも彼女	ヒロユキ		67	連載		
2022 	22-23	5 	カッコウの許嫁	吉河美希		83	連載		
2022 	22-23	6 	生徒会にも穴はある！	むちまろ		103	連載	C	新連載
2022 	22-23	7 	はじめの一歩	森川ジョージ		119	連載		
2022 	22-23	8 	落ちてしまった！！	中島諒		137	読み切り		
2022 	22-23	9 	ダイヤのA	寺嶋裕二		145	連載		
2022 	22-23	10 	甘神さんちの縁結び	内藤マーシー		169	連載	C	
2022 	22-23	11 	EDENS ZERO	真島ヒロ		193	連載		
2022 	22-23	12 	きみが女神ならいいのに	柏木香乃		213	連載		
2022 	22-23	13 	青のミブロ	安田剛士		247	連載		
2022 	22-23	14 	シャングリラ・フロンティア	不二涼介	硬梨菜	267	連載		
2022 	22-23	15 	黒岩メダカに私の可愛いが通じない	久世蘭		285	連載		
2022 	22-23	16 	女神のカフェテラス	瀬尾公治		299	連載		
2022 	22-23	17 	それでも歩は寄せてくる	山本崇一朗		317	連載		
2022 	22-23	18 	SECOND BREAK!!	稲木智宏		325	連載		
2022 	22-23	19 	えるのわ！	スズモトコウ		345	連載		
2022 	22-23	20 	ガチアクタ	裏那圭		363	連載		
2022 	22-23	21 	化物語	大暮維人	西尾維新	383	連載		
2022 	22-23	22 	戦隊大失格	春場ねぎ		405	連載		
2022 	22-23	23 	黙示録の四騎士	鈴木央		423	連載		
2022 	22-23	24 	不滅のあなたへ	大今良時		443	連載		
2022 	24	1 	黙示録の四騎士	鈴木央		3	連載	C	
2022 	24	2 	化物語	大暮維人	西尾維新	29	連載		
2022 	24	3 	ダイヤのA	寺嶋裕二		51	連載		
2022 	24	4 	ガチアクタ	裏那圭		71	連載	C	
2022 	24	5 	シャングリラ・フロンティア	不二涼介	硬梨菜	93	連載		
2022 	24	6 	生徒会にも穴はある！	むちまろ		111	連載		
2022 	24	7 	きみが女神ならいいのに	柏木香乃		121	連載		
2022 	24	8 	青のミブロ	安田剛士		149	連載		
2022 	24	9 	黒岩メダカに私の可愛いが通じない	久世蘭		169	連載		
2022 	24	10 	カッコウの許嫁	吉河美希		187	連載		
2022 	24	11 	ブルーロック	ノ村優介	金城宗幸	207	連載		
2022 	24	12 	カノジョも彼女	ヒロユキ		227	連載		
2022 	24	13 	EDENS ZERO	真島ヒロ		241	連載		
2022 	24	14 	彼女、お借りします	宮島礼吏		261	連載		
2022 	24	15 	えるのわ！	スズモトコウ		281	連載		
2022 	24	16 	東京卍リベンジャーズ	和久井健		295	連載		
2022 	24	17 	SECOND BREAK!!	稲木智宏		315	連載		
2022 	24	18 	甘神さんちの縁結び	内藤マーシー		335	連載		
2022 	24	19 	はじめの一歩	森川ジョージ		355	連載		
2022 	24	20 	戦隊大失格	春場ねぎ		373	連載		
2022 	24	21 	不滅のあなたへ	大今良時		391	連載		
2022 	24	22 	柊さんちの吸血事情	吉河美希		411	出張掲載	C	
2022 	24	23 	薫る花は凜と咲く	三香見サカ		489	出張掲載	C	
2022 	24	24 	すだちの魔王城	森下真		543	出張掲載	C	
2022 	25	1 	戦隊大失格	春場ねぎ		4	連載	C	
2022 	25	2 	五等分の花嫁	春場ねぎ		25	読み切り		
2022 	25	3 	ダイヤのA	寺嶋裕二		45	連載		
2022 	25	4 	黙示録の四騎士	鈴木央		65	連載		
2022 	25	5 	はじめの一歩	森川ジョージ		85	連載		
2022 	25	6 	ブルーロック	ノ村優介	金城宗幸	103	連載		
2022 	25	7 	生徒会にも穴はある！	むちまろ		125	連載		
2022 	25	8 	きみが女神ならいいのに	柏木香乃		133	連載		
2022 	25	9 	東京卍リベンジャーズ	和久井健		155	連載		
2022 	25	10 	カッコウの許嫁	吉河美希		175	連載		
2022 	25	11 	シャングリラ・フロンティア	不二涼介	硬梨菜	195	連載		
2022 	25	12 	青のミブロ	安田剛士		213	連載		
2022 	25	13 	甘神さんちの縁結び	内藤マーシー		233	連載	C	
2022 	25	14 	EDENS ZERO	真島ヒロ		255	連載		
2022 	25	15 	彼女、お借りします	宮島礼吏		275	連載		
2022 	25	16 	黒岩メダカに私の可愛いが通じない	久世蘭		295	連載		
2022 	25	17 	ガチアクタ	裏那圭		309	連載		
2022 	25	18 	カノジョも彼女	ヒロユキ		329	連載		
2022 	25	19 	SECOND BREAK!!	稲木智宏		343	連載		
2022 	25	20 	女神のカフェテラス	瀬尾公治		363	連載		
2022 	25	21 	化物語	大暮維人	西尾維新	381	連載		
2022 	25	22 	それでも歩は寄せてくる	山本崇一朗		403	連載		
2022 	25	23 	不滅のあなたへ	大今良時		411	連載		
2022 	25	24 	五等分の花嫁	春場ねぎ		425	読み切り	C	復刻掲載
2022 	26	1 	化物語	大暮維人	西尾維新	3	連載	C	
2022 	26	2 	戦隊大失格	春場ねぎ		29	連載		
2022 	26	3 	ダイヤのA	寺嶋裕二		47	連載		
2022 	26	4 	女神のカフェテラス	瀬尾公治		67	連載		
2022 	26	5 	シャングリラ・フロンティア	不二涼介	硬梨菜	85	連載		
2022 	26	6 	彼女、お借りします	宮島礼吏		103	連載	C	
2022 	26	7 	ブルーロック	ノ村優介	金城宗幸	125	連載		
2022 	26	8 	甘神さんちの縁結び	内藤マーシー		145	連載		
2022 	26	9 	青のミブロ	安田剛士		165	連載		
2022 	26	10 	EDENS ZERO	真島ヒロ		185	連載		
2022 	26	11 	東京卍リベンジャーズ	和久井健		205	連載		
2022 	26	12 	生徒会にも穴はある！	むちまろ		225	連載		
2022 	26	13 	きみが女神ならいいのに	柏木香乃		233	連載		
2022 	26	14 	ガチアクタ	裏那圭		255	連載		
2022 	26	15 	カッコウの許嫁	吉河美希		275	連載		
2022 	26	16 	カノジョも彼女	ヒロユキ		295	連載		
2022 	26	17 	SECOND BREAK!!	稲木智宏		309	連載		
2022 	26	18 	黒岩メダカに私の可愛いが通じない	久世蘭		329	連載		
2022 	26	19 	それでも歩は寄せてくる	山本崇一朗		345	連載		
2022 	26	20 	黙示録の四騎士	鈴木央		353	連載		
2022 	26	21 	はじめの一歩	森川ジョージ		373	連載		
2022 	26	22 	不滅のあなたへ	大今良時		391	連載		
2022 	27	1 	カノジョも彼女	ヒロユキ		4	連載	C	
2022 	27	2 	東京卍リベンジャーズ	和久井健		23	連載		
2022 	27	3 	カッコウの許嫁	吉河美希		43	連載		
2022 	27	4 	生徒会にも穴はある！	むちまろ		63	連載		
2022 	27	5 	カナンさまはあくまでチョロい	nonco		71	連載	C	新連載
2022 	27	6 	EDENS ZERO	真島ヒロ		99	連載		
2022 	27	7 	きみが女神ならいいのに	柏木香乃		119	連載		
2022 	27	8 	はじめの一歩	森川ジョージ		137	連載		
2022 	27	9 	化物語	大暮維人	西尾維新	155	連載		
2022 	27	10 	ダイヤのA	寺嶋裕二		177	連載		
2022 	27	11 	彼女、お借りします	宮島礼吏		201	連載		
2022 	27	12 	ブルーロック	ノ村優介	金城宗幸	223	連載		
2022 	27	13 	甘神さんちの縁結び	内藤マーシー		243	連載		
2022 	27	14 	シャングリラ・フロンティア	不二涼介	硬梨菜	263	連載		
2022 	27	15 	女神のカフェテラス	瀬尾公治		281	連載		
2022 	27	16 	青のミブロ	安田剛士		299	連載		
2022 	27	17 	ガチアクタ	裏那圭		321	連載		
2022 	27	18 	SECOND BREAK!!	稲木智宏		341	連載		
2022 	27	19 	それでも歩は寄せてくる	山本崇一朗		361	連載		
2022 	27	20 	戦隊大失格	春場ねぎ		369	連載		
2022 	27	21 	黙示録の四騎士	鈴木央		387	連載		
2022 	27	22 	不滅のあなたへ	大今良時		407	連載		
2022 	28	1 	はじめの一歩	森川ジョージ		6	連載	C	
2022 	28	2 	戦隊大失格	春場ねぎ		25	連載		
2022 	28	3 	黙示録の四騎士	鈴木央		43	連載		
2022 	28	4 	生徒会にも穴はある！	むちまろ		63	連載		
2022 	28	5 	きみが女神ならいいのに	柏木香乃		71	連載	C	
2022 	28	6 	東京卍リベンジャーズ	和久井健		93	連載		
2022 	28	7 	カナンさまはあくまでチョロい	nonco		113	連載		
2022 	28	8 	ガチアクタ	裏那圭		129	連載		
2022 	28	9 	青のミブロ	安田剛士		149	連載		
2022 	28	10 	EDENS ZERO	真島ヒロ		173	連載		
2022 	28	11 	それでも歩は寄せてくる	山本崇一朗		193	連載		
2022 	28	12 	彼女、お借りします	宮島礼吏		201	連載		
2022 	28	13 	ブルーロック	ノ村優介	金城宗幸	221	連載		
2022 	28	14 	カッコウの許嫁	吉河美希		241	連載		
2022 	28	15 	黒岩メダカに私の可愛いが通じない	久世蘭		261	連載		
2022 	28	16 	シャングリラ・フロンティア	不二涼介	硬梨菜	275	連載		
2022 	28	17 	カノジョも彼女	ヒロユキ		203	連載		
2022 	28	18 	甘神さんちの縁結び	内藤マーシー		303	連載		
2022 	28	19 	女神のカフェテラス	瀬尾公治		329	連載		
2022 	28	20 	SECOND BREAK!!	稲木智宏		347	連載		
2022 	28	21 	化物語	大暮維人	西尾維新	367	連載		
2022 	28	22 	不滅のあなたへ	大今良時		389	連載		
2022 	29	1 	青のミブロ	安田剛士		6	連載	C	
2022 	29	2 	EDENS ZERO	真島ヒロ		31	連載		
2022 	29	3 	彼女、お借りします	宮島礼吏		51	連載		
2022 	29	4 	女神のカフェテラス	瀬尾公治		73	連載	C	
2022 	29	5 	ダイヤのA	寺嶋裕二		99	連載		
2022 	29	6 	黙示録の四騎士	鈴木央		119	連載		
2022 	29	7 	東京卍リベンジャーズ	和久井健		139	連載		
2022 	29	8 	カナンさまはあくまでチョロい	nonco		159	連載		
2022 	29	9 	甘神さんちの縁結び	内藤マーシー		167	連載		
2022 	29	10 	ブルーロック	ノ村優介	金城宗幸	187	連載		
2022 	29	11 	それでも歩は寄せてくる	山本崇一朗		207	連載		
2022 	29	12 	カッコウの許嫁	吉河美希		215	連載		
2022 	29	13 	黒岩メダカに私の可愛いが通じない	久世蘭		237	連載		
2022 	29	14 	シャングリラ・フロンティア	不二涼介	硬梨菜	251	連載		
2022 	29	15 	きみが女神ならいいのに	柏木香乃		269	連載		
2022 	29	16 	ガチアクタ	裏那圭		289	連載		
2022 	29	17 	生徒会にも穴はある！	むちまろ		309	連載		
2022 	29	18 	カノジョも彼女	ヒロユキ		317	連載		
2022 	29	19 	SECOND BREAK!!	稲木智宏		331	連載		
2022 	29	20 	化物語	大暮維人	西尾維新	351	連載		
2022 	29	21 	戦隊大失格	春場ねぎ		377	連載		
2022 	29	22 	不滅のあなたへ	大今良時		395	連載		
2022 	30	1 	彼女、お借りします	宮島礼吏		4	連載	C	
2022 	30	2 	EDENS ZERO	真島ヒロ		31	連載		
2022 	30	3 	東京卍リベンジャーズ	和久井健		51	連載		
2022 	30	4 	カナンさまはあくまでチョロい	nonco		72	連載	C	
2022 	30	5 	黒岩メダカに私の可愛いが通じない	久世蘭		81	連載		
2022 	30	6 	戦隊大失格	春場ねぎ		95	連載		
2022 	30	7 	ダイヤのA	寺嶋裕二		115	連載		
2022 	30	8 	生徒会にも穴はある！	むちまろ		138	連載	C	
2022 	30	9 	女神のカフェテラス	瀬尾公治		149	連載		
2022 	30	10 	青のミブロ	安田剛士		157	連載		
2022 	30	11 	カッコウの許嫁	吉河美希		187	連載		
2022 	30	12 	ブルーロック	ノ村優介	金城宗幸	207	連載		
2022 	30	13 	甘神さんちの縁結び	内藤マーシー		227	連載		
2022 	30	14 	SECOND BREAK!!	稲木智宏		247	連載		
2022 	30	15 	シャングリラ・フロンティア	不二涼介	硬梨菜	267	連載		
2022 	30	16 	ガチアクタ	裏那圭		285	連載		
2022 	30	17 	GALAXIAS	果坂青		311	読み切り		
2022 	30	18 	はじめの一歩	森川ジョージ		363	連載		
2022 	30	19 	不滅のあなたへ	大今良時		381	連載		
2022 	30	20 	それでも歩は寄せてくる	山本崇一朗		393	連載		
2022 	30	21 	きみが女神ならいいのに	柏木香乃		401	連載		
2022 	31	1 	無二の一撃	内藤光太郎		3	連載	C	新連載
2022 	31	2 	彼女、お借りします	宮島礼吏		81	連載		
2022 	31	3 	黙示録の四騎士	鈴木央		101	連載	C	
2022 	31	4 	ダイヤのA	寺嶋裕二		123	連載		
2022 	31	5 	はじめの一歩	森川ジョージ		145	連載		
2022 	31	6 	カナンさまはあくまでチョロい	nonco		167	連載		
2022 	31	7 	ブルーロック	ノ村優介	金城宗幸	175	連載		
2022 	31	8 	カッコウの許嫁	吉河美希		195	連載		
2022 	31	9 	シャングリラ・フロンティア	不二涼介	硬梨菜	215	連載		
2022 	31	10 	カノジョも彼女	ヒロユキ		233	連載		
2022 	31	11 	EDENS ZERO	真島ヒロ		247	連載		
2022 	31	12 	それでも歩は寄せてくる	山本崇一朗		267	連載		
2022 	31	13 	ガチアクタ	裏那圭		275	連載		
2022 	31	14 	甘神さんちの縁結び	内藤マーシー		295	連載		
2022 	31	15 	東京卍リベンジャーズ	和久井健		315	連載		
2022 	31	16 	青のミブロ	安田剛士		335	連載		
2022 	31	17 	女神のカフェテラス	瀬尾公治		359	連載		
2022 	31	18 	黒岩メダカに私の可愛いが通じない	久世蘭		377	連載		
2022 	31	19 	生徒会にも穴はある！	むちまろ		391	連載		
2022 	31	20 	SECOND BREAK!!	稲木智宏		399	連載		
2022 	31	21 	薫る花は凜と咲く	三薫見サカ		421	出張掲載	C	
2022 	32	1 	それでも歩は寄せてくる	山本崇一朗		4	連載	C	
2022 	32	2 	東京卍リベンジャーズ	和久井健		17	連載		
2022 	32	3 	女神のカフェテラス	瀬尾公治		37	連載		
2022 	32	4 	シャングリラ・フロンティア	不二涼介	硬梨菜	55	連載		
2022 	32	5 	無二の一撃	内藤光太郎		73	連載		
2022 	32	6 	黒岩メダカに私の可愛いが通じない	久世蘭		123	連載		
2022 	32	7 	黒猫と魔女の教室	金田陽介		137	出張掲載	C	描き下ろし特別編
2022 	32	8 	ダイヤのA	寺嶋裕二		155	連載		
2022 	32	9 	はじめの一歩	森川ジョージ		177	連載		
2022 	32	10 	カナンさまはあくまでチョロい	nonco		195	連載		
2022 	32	11 	ガチアクタ	裏那圭		203	連載		
2022 	32	12 	甘神さんちの縁結び	内藤マーシー		223	連載		
2022 	32	13 	EDENS ZERO	真島ヒロ		243	連載		
2022 	32	14 	彼女、お借りします	宮島礼吏		263	連載		
2022 	32	15 	生徒会にも穴はある！	むちまろ		283	連載		
2022 	32	16 	青のミブロ	安田剛士		291	連載		
2022 	32	17 	カッコウの許嫁	吉河美希		311	連載		
2022 	32	18 	カノジョも彼女	ヒロユキ		331	連載		
2022 	32	19 	SECOND BREAK!!	稲木智宏		349	連載		
2022 	32	20 	きみが女神ならいいのに	柏木香乃		369	連載		
2022 	32	21 	戦隊大失格	春場ねぎ		389	連載		
2022 	32	22 	黙示録の四騎士	鈴木央		407	連載		
2022 	32	23 	不滅のあなたへ	大今良時		427	連載		
2022 	32	24 	薫る花は凜と咲く	三薫見サカ		441	出張掲載		
2022 	32	25 	黒猫と魔女の教室	金田陽介		497	出張掲載	C	
2022 	32	26 	早乙女さんにはもうデスゲームしかない	三上裕		576	出張掲載		
2022 	33	1 	シャングリラ・フロンティア	不二涼介	硬梨菜	4	連載	C	
2022 	33	2 	カノジョも彼女	ヒロユキ		37	連載		
2022 	33	3 	無二の一撃	内藤光太郎		51	連載		
2022 	33	4 	それでも歩は寄せてくる	山本崇一朗		83	連載	C	
2022 	33	5 	はじめの一歩	森川ジョージ		97	連載		
2022 	33	6 	戦隊大失格	春場ねぎ		117	連載		
2022 	33	7 	黒岩メダカに私の可愛いが通じない	久世蘭		135	連載		
2022 	33	8 	ガチアクタ	裏那圭		149	連載	C	
2022 	33	9 	カッコウの許嫁	吉河美希		171	連載		
2022 	33	10 	東京卍リベンジャーズ	和久井健		191	連載		
2022 	33	11 	彼女、お借りします	宮島礼吏		211	連載		
2022 	33	12 	ブルーロック	ノ村優介	金城宗幸	231	連載		
2022 	33	13 	甘神さんちの縁結び	内藤マーシー		251	連載		
2022 	33	14 	生徒会にも穴はある！	むちまろ		271	連載		
2022 	33	15 	EDENS ZERO	真島ヒロ		279	連載		
2022 	33	16 	女神のカフェテラス	瀬尾公治		299	連載		
2022 	33	17 	カナンさまはあくまでチョロい	nonco		319	連載		
2022 	33	18 	青のミブロ	安田剛士		327	連載		
2022 	33	19 	きみが女神ならいいのに	柏木香乃		347	連載		
2022 	33	20 	SECOND BREAK!!	稲木智宏		367	連載		
2022 	33	21 	黙示録の四騎士	鈴木央		387	連載		
2022 	33	22 	不滅のあなたへ	大今良時		407	連載		
2022 	33	23 	薫る花は凜と咲く	三薫見サカ		421	出張掲載		
2022 	33	24 	早乙女さんにはもうデスゲームしかない	三上裕		457	出張掲載		
2022 	34	1 	EDENS ZERO	真島ヒロ		3	連載	C	
2022 	34	2 	それでも歩は寄せてくる	山本崇一朗		27	連載		
2022 	34	3 	甘神さんちの縁結び	内藤マーシー		39	連載		
2022 	34	4 	無二の一撃	内藤光太郎		59	連載		
2022 	34	5 	女神のカフェテラス	瀬尾公治		89	連載		
2022 	34	6 	生徒会にも穴はある！	むちまろ		107	連載		
2022 	34	7 	東京卍リベンジャーズ	和久井健		115	連載		
2022 	34	8 	ダイヤのA	寺嶋裕二		137	連載		
2022 	34	9 	戦隊大失格	春場ねぎ		157	連載		
2022 	34	10 	カナンさまはあくまでチョロい	nonco		175	連載		
2022 	34	11 	はじめの一歩	森川ジョージ		183	連載		
2022 	34	12 	カッコウの許嫁	吉河美希		201	連載		
2022 	34	13 	ガチアクタ	裏那圭		223	連載		
2022 	34	14 	黒岩メダカに私の可愛いが通じない	久世蘭		243	連載		
2022 	34	15 	青のミブロ	安田剛士		257	連載		
2022 	34	16 	カノジョも彼女	ヒロユキ		277	連載		
2022 	34	17 	ブルーロック	ノ村優介	金城宗幸	291	連載		
2022 	34	18 	彼女、お借りします	宮島礼吏		311	連載		
2022 	34	19 	シャングリラ・フロンティア	不二涼介	硬梨菜	331	連載		
2022 	34	20 	きみが女神ならいいのに	柏木香乃		349	連載		
2022 	34	21 	SECOND BREAK!!	稲木智宏		369	連載		最終回
2022 	34	22 	黙示録の四騎士	鈴木央		389	連載		
2022 	34	23 	不滅のあなたへ	大今良時		409	連載		
2022 	34	24 	早乙女さんにはもうデスゲームしかない	三上裕		425	出張掲載		
2022 	35	1 	ブルーロック	ノ村優介	金城宗幸	6	連載	C	
2022 	35	2 	彼女、お借りします	宮島礼吏		27	連載		
2022 	35	3 	EDENS ZERO	真島ヒロ		47	連載		
2022 	35	4 	女神のカフェテラス	瀬尾公治		67	連載		
2022 	35	5 	カノジョも彼女	ヒロユキ		85	連載		
2022 	35	6 	東京卍リベンジャーズ	和久井健		99	連載		
2022 	35	7 	東京卍リベンジャーズ～場地圭介からの手紙～	夏川口幸範	和久井健	119	出張掲載	C	
2022 	35	8 	無二の一撃	内藤光太郎		185	連載	C	
2022 	35	9 	黒岩メダカに私の可愛いが通じない	久世蘭		217	連載		
2022 	35	10 	ダイヤのA	寺嶋裕二		231	連載		
2022 	35	11 	カッコウの許嫁	吉河美希		251	連載		
2022 	35	12 	青のミブロ	安田剛士		271	連載		
2022 	35	13 	ガチアクタ	裏那圭		291	連載		
2022 	35	14 	それでも歩は寄せてくる	山本崇一朗		311	連載		
2022 	35	15 	甘神さんちの縁結び	内藤マーシー		319	連載		
2022 	35	16 	生徒会にも穴はある！	むちまろ		339	連載		
2022 	35	17 	戦隊大失格	春場ねぎ		347	連載		
2022 	35	18 	黙示録の四騎士	鈴木央		367	連載		
2022 	35	19 	カナンさまはあくまでチョロい	nonco		387	連載		
2022 	35	20 	不滅のあなたへ	大今良時		395	連載		
2022 	36-37	1 	カッコウの許嫁	吉河美希		6	連載	C	
2022 	36-37	2 	東京卍リベンジャーズ	和久井健		31	連載		
2022 	36-37	3 	シャングリラ・フロンティア	不二涼介	硬梨菜	51	連載		
2022 	36-37	4 	日向さん、星野です。	うおやま		73	連載	C	新連載
2022 	36-37	5 	ダイヤのA	寺嶋裕二		91	連載		
2022 	36-37	6 	生徒会にも穴はある！	むちまろ		111	連載		
2022 	36-37	7 	黙示録の四騎士	鈴木央		119	連載		
2022 	36-37	8 	東京卍リベンジャーズ～場地圭介からの手紙～	夏川口幸範	和久井健	139	出張掲載		
2022 	36-37	9 	彼女、お借りします	宮島礼吏		195	連載		
2022 	36-37	10 	ブルーロック	ノ村優介	金城宗幸	215	連載		
2022 	36-37	11 	黒岩メダカに私の可愛いが通じない	久世蘭		235	連載		
2022 	36-37	12 	女神のカフェテラス	瀬尾公治		249	連載		
2022 	36-37	13 	EDENS ZERO	真島ヒロ		267	連載		
2022 	36-37	14 	それでも歩は寄せてくる	山本崇一朗		287	連載		
2022 	36-37	15 	無二の一撃	内藤光太郎		295	連載		
2022 	36-37	16 	きみが女神ならいいのに	柏木香乃		315	連載		
2022 	36-37	17 	カナンさまはあくまでチョロい	nonco		335	連載		
2022 	36-37	18 	青のミブロ	安田剛士		343	連載		
2022 	36-37	19 	カノジョも彼女	ヒロユキ		363	連載		
2022 	36-37	20 	甘神さんちの縁結び	内藤マーシー		377	連載		
2022 	36-37	21 	ガチアクタ	裏那圭		397	連載		
2022 	36-37	22 	戦隊大失格	春場ねぎ		417	連載		
2022 	36-37	23 	はじめの一歩	森川ジョージ		435	連載		
2022 	38	1 	東京卍リベンジャーズ	和久井健		6	連載	C	
2022 	38	2 	日向さん、星野です。	うおやま		31	連載		
2022 	38	3 	ブルーロック	ノ村優介	金城宗幸	45	連載		
2022 	38	4 	生徒会にも穴はある！	むちまろ		65	連載		
2022 	38	5 	青のミブロ	安田剛士		74	連載	C	
2022 	38	6 	女神のカフェテラス	瀬尾公治		95	連載		
2022 	38	7 	ダイヤのA	寺嶋裕二		113	連載		
2022 	38	8 	黒岩メダカに私の可愛いが通じない	久世蘭		137	連載		
2022 	38	9 	黙示録の四騎士	鈴木央		151	連載		
2022 	38	10 	きみが女神ならいいのに	柏木香乃		171	連載	C	
2022 	38	11 	シャングリラ・フロンティア	不二涼介	硬梨菜	193	連載		
2022 	38	12 	カッコウの許嫁	吉河美希		211	連載		
2022 	38	13 	EDENS ZERO	真島ヒロ		231	連載		
2022 	38	14 	カノジョも彼女	ヒロユキ		251	連載		
2022 	38	15 	無二の一撃	内藤光太郎		265	連載		
2022 	38	16 	彼女、お借りします	宮島礼吏		285	連載		
2022 	38	17 	それでも歩は寄せてくる	山本崇一朗		305	連載		
2022 	38	18 	戦隊大失格	春場ねぎ		313	連載		
2022 	38	19 	3分間女子	きちはち		333	読み切り		
2022 	38	20 	 つららちゃんは雪ギャル	三可九丸		344	読み切り		
2022 	38	21 	ウルトラマリッジギャラクシー	島順太		349	読み切り		
2022 	38	22 	いとこのこ	いぬちく		359	読み切り		
2022 	38	23 	甘神さんちの縁結び	内藤マーシー		367	連載		
2022 	38	24 	はじめの一歩	森川ジョージ		387	連載		
2022 	38	25 	カナンさまはあくまでチョロい	nonco		405	連載		
2022 	38	26 	不滅のあなたへ	大今良時		413	連載		
2022 	38	27 	幼馴染とはラブコメにならない	三簾真也		427	出張掲載		
2022 	39	1 	ダイヤのA	寺嶋裕二		4	連載	C	
2022 	39	2 	ブルーロック	ノ村優介	金城宗幸	33	連載		
2022 	39	3 	はじめの一歩	森川ジョージ		55	連載		
2022 	39	4 	ガチアクタ	裏那圭		73	連載		
2022 	39	5 	EDENS ZERO	真島ヒロ		93	連載		
2022 	39	6 	日向さん、星野です。	うおやま		113	連載		
2022 	39	7 	無二の一撃	内藤光太郎		125	連載		
2022 	39	8 	カッコウの許嫁	吉河美希		145	連載		
2022 	39	9 	東京卍リベンジャーズ	和久井健		165	連載		
2022 	39	10 	カノジョも彼女	ヒロユキ		185	連載		
2022 	39	11 	生徒会にも穴はある！	むちまろ		201	連載		
2022 	39	12 	彼女、お借りします	宮島礼吏		209	連載		
2022 	39	13 	シャングリラ・フロンティア	不二涼介	硬梨菜	229	連載		
2022 	39	14 	きみが女神ならいいのに	柏木香乃		247	連載		
2022 	39	15 	それでも歩は寄せてくる	山本崇一朗		267	連載		
2022 	39	16 	青のミブロ	安田剛士		275	連載		
2022 	39	17 	黒岩メダカに私の可愛いが通じない	久世蘭		297	連載		
2022 	39	18 	女神のカフェテラス	瀬尾公治		311	連載		
2022 	39	19 	プププのぷ	百井一途		331	読み切り		
2022 	39	20 	僕はお姉さんとQしたい	うかみ		339	読み切り		
2022 	39	21 	日々、幼なじみ。	くまのきゅう		351	読み切り		
2022 	39	22 	戦隊大失格	春場ねぎ		361	連載		
2022 	39	23 	甘神さんちの縁結び	内藤マーシー		379	連載		
2022 	39	24 	黙示録の四騎士	鈴木央		399	連載		
2022 	39	25 	カナンさまはあくまでチョロい	nonco		419	連載		
2022 	39	26 	不滅のあなたへ	大今良時		427	連載		
2022 	40	1 	黒岩メダカに私の可愛いが通じない	久世蘭		4	連載	C	
2022 	40	2 	青のミブロ	安田剛士		21	連載		
2022 	40	3 	彼女、お借りします	宮島礼吏		41	連載		
2022 	40	4 	日向さん、星野です。	うおやま		61	連載		
2022 	40	5 	ブルーロック	ノ村優介	金城宗幸	71	連載	C	
2022 	40	6 	甘神さんちの縁結び	内藤マーシー		93	連載		
2022 	40	7 	東京卍リベンジャーズ	和久井健		113	連載		
2022 	40	8 	シャングリラ・フロンティア	不二涼介	硬梨菜	137	連載	C	
2022 	40	9 	黙示録の四騎士	鈴木央		157	連載		
2022 	40	10 	はじめの一歩	森川ジョージ		177	連載		
2022 	40	11 	それでも歩は寄せてくる	山本崇一朗		195	連載		
2022 	40	12 	カノジョも彼女	ヒロユキ		203	連載		
2022 	40	13 	EDENS ZERO	真島ヒロ		217	連載		
2022 	40	14 	女神のカフェテラス	瀬尾公治		237	連載		
2022 	40	15 	ガチアクタ	裏那圭		255	連載		
2022 	40	16 	カッコウの許嫁	吉河美希		275	連載		
2022 	40	17 	戦隊大失格	春場ねぎ		295	連載		
2022 	40	18 	カナンさまはあくまでチョロい	nonco		315	連載		
2022 	40	19 	無二の一撃	内藤光太郎		323	連載		
2022 	40	20 	きみが女神ならいいのに	柏木香乃		343	連載		
2022 	40	21 	将棋の渡辺くん	伊奈めぐみ		363	出張掲載		
2022 	40	22 	不滅のあなたへ	大今良時		383	連載		
2022 	40	23 	生徒会にも穴はある！	むちまろ		395	連載		
2022 	41	1 	化物語	大暮維人	西尾維新	3	連載	C	連載再開
2022 	41	2 	カッコウの許嫁	吉河美希		29	連載		
2022 	41	3 	東京卍リベンジャーズ	和久井健		49	連載		
2022 	41	4 	ダイヤのA	寺嶋裕二		71	連載		
2022 	41	5 	黒岩メダカに私の可愛いが通じない	久世蘭		91	連載		
2022 	41	6 	黙示録の四騎士	鈴木央		105	連載		
2022 	41	7 	日向さん、星野です。	うおやま		125	連載		
2022 	41	8 	甘神さんちの縁結び	内藤マーシー		135	連載		
2022 	41	9 	ブルーロック	ノ村優介	金城宗幸	157	連載		
2022 	41	10 	彼女、お借りします	宮島礼吏		177	連載		
2022 	41	11 	シャングリラ・フロンティア	不二涼介	硬梨菜	197	連載		
2022 	41	12 	女神のカフェテラス	瀬尾公治		215	連載		
2022 	41	13 	ガチアクタ	裏那圭		233	連載		
2022 	41	14 	EDENS ZERO	真島ヒロ		253	連載		
2022 	41	15 	青のミブロ	安田剛士		273	連載		
2022 	41	16 	無二の一撃	内藤光太郎		293	連載		
2022 	41	17 	カナンさまはあくまでチョロい	nonco		313	連載		
2022 	41	18 	戦隊大失格	春場ねぎ		321	連載		
2022 	41	19 	それでも歩は寄せてくる	山本崇一朗		339	連載		
2022 	41	20 	はじめの一歩	森川ジョージ		347	連載		
2022 	41	21 	きみが女神ならいいのに	柏木香乃		365	連載		
2022 	41	22 	生徒会にも穴はある！	むちまろ		385	連載		
2022 	41	23 	脱出せよ！	獅子友駿人		393	読み切り		
2022 	41	24 	星を見た日	長谷川三時		399	読み切り		
2022 	42	1 	女神のカフェテラス	瀬尾公治		5	連載	C	
2022 	42	2 	甘神さんちの縁結び	内藤マーシー		29	連載		
2022 	42	3 	化物語	大暮維人	西尾維新	49	連載		
2022 	42	4 	ガチアクタ	裏那圭		73	連載	C	
2022 	42	5 	ダイヤのA	寺嶋裕二		95	連載		
2022 	42	6 	黙示録の四騎士	鈴木央		119	連載		
2022 	42	7 	生徒会にも穴はある！	むちまろ		139	連載	C	
2022 	42	8 	シャングリラ・フロンティア	不二涼介	硬梨菜	157	連載		
2022 	42	9 	日向さん、星野です。	うおやま		175	連載		
2022 	42	10 	東京卍リベンジャーズ	和久井健		185	連載		
2022 	42	11 	カノジョも彼女	ヒロユキ		205	連載		
2022 	42	12 	戦隊大失格	春場ねぎ		219	連載		
2022 	42	13 	カッコウの許嫁	吉河美希		237	連載		
2022 	42	14 	EDENS ZERO	真島ヒロ		257	連載		
2022 	42	15 	きみが女神ならいいのに	柏木香乃		277	連載		
2022 	42	16 	青のミブロ	安田剛士		297	連載		
2022 	42	17 	黒岩メダカに私の可愛いが通じない	久世蘭		317	連載		
2022 	42	18 	ブルーロック	ノ村優介	金城宗幸	333	連載		
2022 	42	19 	それでも歩は寄せてくる	山本崇一朗		353	連載		
2022 	42	20 	はじめの一歩	森川ジョージ		365	連載		
2022 	42	21 	彼女、お借りします	宮島礼吏		383	連載		
2022 	42	22 	カナンさまはあくまでチョロい	nonco		403	連載		
2022 	42	23 	不滅のあなたへ	大今良時		411	連載		
2022 	43	1 	赤羽骨子のボディガード	丹月正光		3	連載	C	新連載
2022 	43	2 	彼女、お借りします	宮島礼吏		71	連載	C	
2022 	43	3 	東京卍リベンジャーズ	和久井健		95	連載		
2022 	43	4 	化物語	大暮維人	西尾維新	115	連載		
2022 	43	5 	ダイヤのA	寺嶋裕二		137	連載		
2022 	43	6 	戦隊大失格	春場ねぎ		157	連載		
2022 	43	7 	それでも歩は寄せてくる	山本崇一朗		175	連載		
2022 	43	8 	シャングリラ・フロンティア	不二涼介	硬梨菜	183	連載		
2022 	43	9 	カッコウの許嫁	吉河美希		201	連載		
2022 	43	10 	ブルーロック	ノ村優介	金城宗幸	221	連載		
2022 	43	11 	カノジョも彼女	ヒロユキ		241	連載		
2022 	43	12 	EDENS ZERO	真島ヒロ		255	連載		
2022 	43	13 	甘神さんちの縁結び	内藤マーシー		275	連載		
2022 	43	14 	青のミブロ	安田剛士		295	連載		
2022 	43	15 	女神のカフェテラス	瀬尾公治		315	連載		
2022 	43	16 	カナンさまはあくまでチョロい	nonco		333	連載		
2022 	43	17 	ガチアクタ	裏那圭		341	連載		
2022 	43	18 	日向さん、星野です。	うおやま		361	連載		
2022 	43	19 	黒岩メダカに私の可愛いが通じない	久世蘭		371	連載		
2022 	43	20 	無二の一撃	内藤光太郎		385	連載		
2022 	43	21 	きみが女神ならいいのに	柏木香乃		405	連載		
2022 	43	22 	生徒会にも穴はある！	むちまろ		425	連載		
2022 	43	23 	黙示録の四騎士	鈴木央		433	連載		
2022 	43	24 	不滅のあなたへ	大今良時		453	連載		
2022 	44	1 	アトワイトゲーム	新川直司		3	連載	C	新連載
2022 	44	2 	東京卍リベンジャーズ	和久井健		65	連載		
2022 	44	3 	女神のカフェテラス	瀬尾公治		85	連載		
2022 	44	4 	カノジョも彼女	ヒロユキ		103	連載	C	
2022 	44	5 	赤羽骨子のボディガード	丹月正光		121	連載		
2022 	44	6 	ダイヤのA	寺嶋裕二		169	連載		
2022 	44	7 	化物語	大暮維人	西尾維新	191	連載		
2022 	44	8 	はじめの一歩	森川ジョージ		213	連載		
2022 	44	9 	カッコウの許嫁	吉河美希		233	連載		
2022 	44	10 	それでも歩は寄せてくる	山本崇一朗		253	連載		
2022 	44	11 	甘神さんちの縁結び	内藤マーシー		261	連載		
2022 	44	12 	カナンさまはあくまでチョロい	nonco		281	連載		
2022 	44	13 	EDENS ZERO	真島ヒロ		291	連載		
2022 	44	14 	青のミブロ	安田剛士		311	連載		
2022 	44	15 	日向さん、星野です。	うおやま		331	連載		
2022 	44	16 	彼女、お借りします	宮島礼吏		341	連載		
2022 	44	17 	シャングリラ・フロンティア	不二涼介	硬梨菜	361	連載		
2022 	44	18 	きみが女神ならいいのに	柏木香乃		379	連載		
2022 	44	19 	戦隊大失格	春場ねぎ		399	連載		
2022 	44	20 	黙示録の四騎士	鈴木央		417	連載		
2022 	44	21 	ガチアクタ	裏那圭		437	連載		
2022 	44	22 	不滅のあなたへ	大今良時		457	連載		
2022 	45	1 	ブルーロック	ノ村優介	金城宗幸	4	連載	C	
2022 	45	2 	女神のカフェテラス	瀬尾公治		35	連載		
2022 	45	3 	それでも歩は寄せてくる	山本崇一朗		53	連載		
2022 	45	4 	アトワイトゲーム	新川直司		61	連載		
2022 	45	5 	生徒会にも穴はある！	むちまろ		107	連載	C	
2022 	45	6 	東京卍リベンジャーズ	和久井健		117	連載		
2022 	45	7 	シャングリラ・フロンティア	不二涼介	硬梨菜	137	連載		
2022 	45	8 	はじめの一歩	森川ジョージ		155	連載		
2022 	45	9 	赤羽骨子のボディガード	丹月正光		173	連載		
2022 	45	10 	黒岩メダカに私の可愛いが通じない	久世蘭		209	連載		
2022 	45	11 	EDENS ZERO	真島ヒロ		223	連載		
2022 	45	12 	カッコウの許嫁	吉河美希		243	連載		
2022 	45	13 	青のミブロ	安田剛士		263	連載		
2022 	45	14 	彼女、お借りします	宮島礼吏		283	連載		
2022 	45	15 	日向さん、星野です。	うおやま		303	連載		
2022 	45	16 	化物語	大暮維人	西尾維新	317	連載		
2022 	45	17 	きみが女神ならいいのに	柏木香乃		339	連載		
2022 	45	18 	無二の一撃	内藤光太郎		359	連載		
2022 	45	19 	カノジョも彼女	ヒロユキ		381	連載		
2022 	45	20 	カナンさまはあくまでチョロい	nonco		395	連載		
2022 	45	21 	戦隊大失格	春場ねぎ		403	連載		
2022 	45	22 	不滅のあなたへ	大今良時		427	連載		
2022 	45	23 	託児城のオルベイル	七津角健介		443	出張掲載	C	
2022 	46	1 	不滅のあなたへ	大今良時		6	連載	C	
2022 	46	2 	ダイヤのA	寺嶋裕二		21	連載		
2022 	46	3 	日向さん、星野です。	うおやま		43	連載		
2022 	46	4 	黙示録の四騎士	鈴木央		53	連載		
2022 	46	5 	カナンさまはあくまでチョロい	nonco		73	連載	C	
2022 	46	6 	アトワイトゲーム	新川直司		89	連載		
2022 	46	7 	彼女、お借りします	宮島礼吏		115	連載		
2022 	46	8 	東京卍リベンジャーズ	和久井健		135	連載		
2022 	46	9 	カノジョも彼女	ヒロユキ		155	連載		
2022 	46	10 	赤羽骨子のボディガード	丹月正光		169	連載		
2022 	46	11 	黒岩メダカに私の可愛いが通じない	久世蘭		189	連載		
2022 	46	12 	無二の一撃	内藤光太郎		203	連載	C	
2022 	46	13 	甘神さんちの縁結び	内藤マーシー		225	連載		
2022 	46	14 	化物語	大暮維人	西尾維新	245	連載		
2022 	46	15 	EDENS ZERO	真島ヒロ		267	連載		
2022 	46	16 	それでも歩は寄せてくる	山本崇一朗		287	連載		
2022 	46	17 	青のミブロ	安田剛士		295	連載		
2022 	46	18 	女神のカフェテラス	瀬尾公治		315	連載		
2022 	46	19 	4人はそれぞれウソをつく	橿原まどか		333	出張掲載	C	
2022 	46	20 	シャングリラ・フロンティア	不二涼介	硬梨菜	349	連載		
2022 	46	21 	カッコウの許嫁	吉河美希		367	連載		
2022 	46	22 	ブルーロック	ノ村優介	金城宗幸	387	連載		
2022 	46	23 	ガチアクタ	裏那圭		407	連載		
2022 	46	24 	生徒会にも穴はある！	むちまろ		427	連載		
2022 	46	25 	戦隊大失格	春場ねぎ		435	連載		
2022 	46	26 	きみが女神ならいいのに	柏木香乃		453	連載		
2022 	46	27 	はじめの一歩	森川ジョージ		471	連載		
2022 	46	28 	ブルーロック―EPISODE 凪―	三宮宏太	金城宗幸	493	出張掲載	C	
2022 	47	1 	東京卍リベンジャーズ	和久井健		4	連載	C	
2022 	47	2 	甘神さんちの縁結び	内藤マーシー		31	連載		
2022 	47	3 	化物語	大暮維人	西尾維新	51	連載		
2022 	47	4 	カッコウの許嫁	吉河美希		73	連載	C	
2022 	47	5 	黙示録の四騎士	鈴木央		95	連載		
2022 	47	6 	ダイヤのA	寺嶋裕二		115	連載		
2022 	47	7 	日向さん、星野です。	うおやま		139	連載	C	
2022 	47	8 	アトワイトゲーム	新川直司		157	連載		
2022 	47	9 	ブルーロック	ノ村優介	金城宗幸	177	連載		
2022 	47	10 	女神のカフェテラス	瀬尾公治		197	連載		
2022 	47	11 	赤羽骨子のボディガード	丹月正光		215	連載		
2022 	47	12 	カノジョも彼女	ヒロユキ		235	連載		
2022 	47	13 	EDENS ZERO	真島ヒロ		249	連載		
2022 	47	14 	彼女、お借りします	宮島礼吏		269	連載		
2022 	47	15 	ガチアクタ	裏那圭		289	連載		
2022 	47	16 	それでも歩は寄せてくる	山本崇一朗		309	連載		
2022 	47	17 	青のミブロ	安田剛士		317	連載		
2022 	47	18 	生徒会にも穴はある！	むちまろ		337	連載		
2022 	47	19 	無二の一撃	内藤光太郎		345	連載		
2022 	47	20 	黒岩メダカに私の可愛いが通じない	久世蘭		365	連載		
2022 	47	21 	はじめの一歩	森川ジョージ		381	連載		
2022 	47	22 	カナンさまはあくまでチョロい	nonco		399	連載		
2022 	47	23 	きみが女神ならいいのに	柏木香乃		407	連載		
2022 	47	24 	不滅のあなたへ	大今良時		427	連載		
2022 	47	25 	サンダー3	池田祐輝		444	出張掲載	C	
2022 	48	1 	ダイヤのA	寺嶋裕二		7	連載	C	最終回
2022 	48	2 	カノジョも彼女	ヒロユキ		47	連載		
2022 	48	3 	ブルーロック	ノ村優介	金城宗幸	61	連載		
2022 	48	4 	はじめの一歩	森川ジョージ		81	連載	C	
2022 	48	5 	女神のカフェテラス	瀬尾公治		103	連載		
2022 	48	6 	シャングリラ・フロンティア	不二涼介	硬梨菜	121	連載		
2022 	48	7 	生徒会にも穴はある！	むちまろ		139	連載		
2022 	48	8 	東京卍リベンジャーズ	和久井健		147	連載		
2022 	48	9 	甘神さんちの縁結び	内藤マーシー		169	連載		
2022 	48	10 	それでも歩は寄せてくる	山本崇一朗		189	連載		
2022 	48	11 	赤羽骨子のボディガード	丹月正光		197	連載		
2022 	48	12 	戦隊大失格	春場ねぎ		217	連載		
2022 	48	13 	カナンさまはあくまでチョロい	nonco		235	連載		
2022 	48	14 	アトワイトゲーム	新川直司		243	連載		
2022 	48	15 	EDENS ZERO	真島ヒロ		261	連載		
2022 	48	16 	カッコウの許嫁	吉河美希		281	連載		
2022 	48	17 	ガチアクタ	裏那圭		303	連載		
2022 	48	18 	日向さん、星野です。	うおやま		323	連載		
2022 	48	19 	青のミブロ	安田剛士		333	連載		
2022 	48	20 	黙示録の四騎士	鈴木央		355	連載		
2022 	48	21 	きみが女神ならいいのに	柏木香乃		375	連載		
2022 	48	22 	可愛いだけいじゃない式守さん	真木蛍五		395	出張掲載		
2022 	48	23 	犯人は･･･	広山ナカト		409	読み切り		
2022 	49	1 	EDENS ZERO	真島ヒロ		3	連載	C	
2022 	49	2 	彼女、お借りします	宮島礼吏		31	連載		
2022 	49	3 	青のミブロ	安田剛士		51	連載		
2022 	49	4 	東京卍リベンジャーズ	和久井健		73	連載		
2022 	49	5 	化物語	大暮維人	西尾維新	93	連載		
2022 	49	6 	ブルーロック	ノ村優介	金城宗幸	115	連載		
2022 	49	7 	甘神さんちの縁結び	内藤マーシー		137	連載	C	
2022 	49	8 	黙示録の四騎士	鈴木央		159	連載		
2022 	49	9 	赤羽骨子のボディガード	丹月正光		179	連載		
2022 	49	10 	それでも歩は寄せてくる	山本崇一朗		199	連載		
2022 	49	11 	アトワイトゲーム	新川直司		207	連載		
2022 	49	12 	カッコウの許嫁	吉河美希		227	連載		
2022 	49	13 	ガチアクタ	裏那圭		247	連載		
2022 	49	14 	黒岩メダカに私の可愛いが通じない	久世蘭		267	連載		
2022 	49	15 	シャングリラ・フロンティア	不二涼介	硬梨菜	281	連載		
2022 	49	16 	無二の一撃	内藤光太郎		299	連載		
2022 	49	17 	カナンさまはあくまでチョロい	nonco		319	連載		
2022 	49	18 	女神のカフェテラス	瀬尾公治		331	連載		
2022 	49	19 	生徒会にも穴はある！	むちまろ		349	連載		
2022 	49	20 	きみが女神ならいいのに	柏木香乃		357	連載		最終回
2022 	49	21 	戦隊大失格	春場ねぎ		377	連載		
2022 	49	22 	はじめの一歩	森川ジョージ		395	連載		
2022 	49	23 	日向さん、星野です。	うおやま		413	連載		
2022 	50	1 	きらぼしお嬢様の求婚	英貴		3	連載	C	新連載
2022 	50	2 	シャングリラ・フロンティア	不二涼介	硬梨菜	27	連載		
2022 	50	3 	ブルーロック	ノ村優介	金城宗幸	45	連載		
2022 	50	4 	それでも歩は寄せてくる	山本崇一朗		65	連載	C	
2022 	50	5 	化物語	大暮維人	西尾維新	75	連載		
2022 	50	6 	カノジョも彼女	ヒロユキ		97	連載		
2022 	50	7 	戦隊大失格	春場ねぎ		111	連載		
2022 	50	8 	東京卍リベンジャーズ	和久井健		131	連載		
2022 	50	9 	カッコウの許嫁	吉河美希		151	連載		
2022 	50	10 	赤羽骨子のボディガード	丹月正光		171	連載		
2022 	50	11 	黙示録の四騎士	鈴木央		191	連載		
2022 	50	12 	EDENS ZERO	真島ヒロ		211	連載		
2022 	50	13 	生徒会にも穴はある！	むちまろ		231	連載		
2022 	50	14 	甘神さんちの縁結び	内藤マーシー		239	連載		
2022 	50	15 	アトワイトゲーム	新川直司		259	連載		
2022 	50	16 	彼女、お借りします	宮島礼吏		277	連載		
2022 	50	17 	ガチアクタ	裏那圭		297	連載		
2022 	50	18 	女神のカフェテラス	瀬尾公治		317	連載		
2022 	50	19 	青のミブロ	安田剛士		335	連載		
2022 	50	20 	黒岩メダカに私の可愛いが通じない	久世蘭		355	連載		
2022 	50	21 	カナンさまはあくまでチョロい	nonco		369	連載		
2022 	50	22 	無二の一撃	内藤光太郎		377	連載		
2022 	50	23 	日向さん、星野です。	うおやま		397	連載		
2022 	50	24 	スケアリー・キャンパス・カレッジ・ユニバーシティ	永椎晃平		415	出張掲載	C	
2022 	51	1 	東京卍リベンジャーズ	和久井健		3	連載	C	最終回
2022 	51	2 	それでも歩は寄せてくる	山本崇一朗		39	連載		
2022 	51	3 	ブルーロック	ノ村優介	金城宗幸	47	連載		
2022 	51	4 	きらぼしお嬢様の求婚	英貴		67	連載		
2022 	51	5 	よわよわ先生	福地カミオ		79	連載	C	新連載
2022 	51	6 	はじめの一歩	森川ジョージ		113	連載		
2022 	51	7 	黒岩メダカに私の可愛いが通じない	久世蘭		131	連載		
2022 	51	8 	東京卍リベンジャーズ　番外編	和久井健		145	連載	C	
2022 	51	9 	生徒会にも穴はある！	むちまろ		163	連載		
2022 	51	10 	黙示録の四騎士	鈴木央		176	連載		
2022 	51	11 	彼女、お借りします	宮島礼吏		193	連載		
2022 	51	12 	化物語	大暮維人	西尾維新	213	連載		
2022 	51	13 	カッコウの許嫁	吉河美希		235	連載		
2022 	51	14 	EDENS ZERO	真島ヒロ		255	連載		
2022 	51	15 	女神のカフェテラス	瀬尾公治		275	連載	C	
2022 	51	16 	カナンさまはあくまでチョロい	nonco		295	連載		
2022 	51	17 	シャングリラ・フロンティア	不二涼介	硬梨菜	303	連載		
2022 	51	18 	赤羽骨子のボディガード	丹月正光		321	連載		
2022 	51	19 	アトワイトゲーム	新川直司		341	連載		
2022 	51	20 	ガチアクタ	裏那圭		359	連載		
2022 	51	21 	青のミブロ	安田剛士		379	連載		
2022 	51	22 	戦隊大失格	春場ねぎ		399	連載		
2022 	51	23 	無二の一撃	内藤光太郎		417	連載		
2022 	51	24 	日向さん、星野です。	うおやま		437	連載		
2022 	52	1 	ブルーロック	ノ村優介	金城宗幸	4	連載	C	
2022 	52	2 	よわよわ先生	福地カミオ		35	連載		
2022 	52	3 	シャングリラ・フロンティア	不二涼介	硬梨菜	49	連載		
2022 	52	4 	それでも歩は寄せてくる	山本崇一朗		67	連載		
2022 	52	5 	ガチアクタ	裏那圭		77	連載	C	
2022 	52	6 	化物語	大暮維人	西尾維新	99	連載		
2022 	52	7 	きらぼしお嬢様の求婚	英貴		121	連載		
2022 	52	8 	カナンさまはあくまでチョロい	nonco		144	連載	C	
2022 	52	9 	黙示録の四騎士	鈴木央		153	連載		
2022 	52	10 	カッコウの許嫁	吉河美希		173	連載		
2022 	52	11 	赤羽骨子のボディガード	丹月正光		193	連載		
2022 	52	12 	EDENS ZERO	真島ヒロ		213	連載		
2022 	52	13 	彼女、お借りします	宮島礼吏		233	連載		
2022 	52	14 	青のミブロ	安田剛士		254	連載		
2022 	52	15 	カノジョも彼女	ヒロユキ		273	連載		
2022 	52	16 	アトワイトゲーム	新川直司		287	連載		
2022 	52	17 	生徒会にも穴はある！	むちまろ		305	連載		
2022 	52	18 	東京卍リベンジャーズ　番外編	和久井健		313	連載		
2022 	52	19 	日向さん、星野です。	うおやま		327	連載		
2022 	52	20 	甘神さんちの縁結び	内藤マーシー		337	連載		
2022 	52	21 	戦隊大失格	春場ねぎ		357	連載		
2022 	52	22 	黒岩メダカに私の可愛いが通じない	久世蘭		375	連載		
2022 	52	23 	はじめの一歩	森川ジョージ		389	連載		
2022 	53	1 	北沢くんはAクラス	夢乃狸	門馬司	3	連載	C	新連載
2022 	53	2 	生徒会にも穴はある！	むちまろ		63	連載		
2022 	53	3 	黒岩メダカに私の可愛いが通じない	久世蘭		71	連載	C	
2022 	53	4 	ブルーロック	ノ村優介	金城宗幸	87	連載		
2022 	53	5 	カナンさまはあくまでチョロい	nonco		107	連載		
2022 	53	6 	赤羽骨子のボディガード	丹月正光		117	連載		
2022 	53	7 	よわよわ先生	福地カミオ		137	連載		
2022 	53	8 	シャングリラ・フロンティア	不二涼介	硬梨菜	151	連載		
2022 	53	9 	女神のカフェテラス	瀬尾公治		169	連載		
2022 	53	10 	きらぼしお嬢様の求婚	英貴		187	連載		
2022 	53	11 	EDENS ZERO	真島ヒロ		199	連載		
2022 	53	12 	カノジョも彼女	ヒロユキ		219	連載		
2022 	53	13 	黙示録の四騎士	鈴木央		233	連載		
2022 	53	14 	日向さん、星野です。	うおやま		253	連載		
2022 	53	15 	カッコウの許嫁	吉河美希		265	連載		
2022 	53	16 	東京卍リベンジャーズ　番外編	和久井健		285	連載		
2022 	53	17 	甘神さんちの縁結び	内藤マーシー		301	連載		
2022 	53	18 	青のミブロ	安田剛士		321	連載		
2022 	53	19 	アトワイトゲーム	新川直司		341	連載		
2022 	53	20 	彼女、お借りします	宮島礼吏		361	連載		
2022 	53	21 	無二の一撃	内藤光太郎		381	連載		
2022 	53	22 	戦隊大失格	春場ねぎ		401	連載		
